"code_ID","short.name","value"
"TLI0005-?","TLI0005","?"
"TLI0005-false","TLI0005","false"
"TLI0005-true","TLI0005","true"
"TLI0035-?","TLI0035","?"
"TLI0035-false","TLI0035","false"
"TLI0035-true","TLI0035","true"
"TLI0044-?","TLI0044","?"
"TLI0044-true","TLI0044","true"
"TLI0044-false","TLI0044","false"
"TLI0081-?","TLI0081","?"
"TLI0081-false","TLI0081","false"
"TLI0081-true","TLI0081","true"
"TLI0096-?","TLI0096","?"
"TLI0096-restricted","TLI0096","restricted"
"TLI0096-semi-restricted","TLI0096","semi-restricted"
"TLI0102-?","TLI0102","?"
"TLI0102-none","TLI0102","none"
"TLI0102-lex-based","TLI0102","lex-based"
"TLI0102-cat-based","TLI0102","cat-based"
"TLI0107-?","TLI0107","?"
"TLI0107-false","TLI0107","false"
"TLI0107-true","TLI0107","true"
"TLI0120-?","TLI0120","?"
"TLI0120-unrestricted","TLI0120","unrestricted"
"TLI0120-restricted","TLI0120","restricted"
"TLI0120-semi-restricted","TLI0120","semi-restricted"
"TLI0140-?","TLI0140","?"
"TLI0140-false","TLI0140","false"
"TLI0140-true","TLI0140","true"
"TLI0155-?","TLI0155","?"
"TLI0155-false","TLI0155","false"
"TLI0155-true","TLI0155","true"
"TLI0164-?","TLI0164","?"
"TLI0164-false","TLI0164","false"
"TLI0164-true","TLI0164","true"
"TLI0179-?","TLI0179","?"
"TLI0179-false","TLI0179","false"
"TLI0179-true","TLI0179","true"
"TLI0180-?","TLI0180","?"
"TLI0180-false","TLI0180","false"
"TLI0180-true","TLI0180","true"
"TLI0360-?","TLI0360","?"
"TLI0360-0","TLI0360","0"
"TLI0360-1","TLI0360","1"
"TLI0364-?","TLI0364","?"
"TLI0364-true","TLI0364","true"
"TLI0364-false","TLI0364","false"
"TLI0370-?","TLI0370","?"
"TLI0370-false","TLI0370","false"
"TLI0370-true","TLI0370","true"
"TLI0371-?","TLI0371","?"
"TLI0371-false","TLI0371","false"
"TLI0371-true","TLI0371","true"
"TLI0373-?","TLI0373","?"
"TLI0373-true","TLI0373","true"
"TLI0373-false","TLI0373","false"
"TLI0374-?","TLI0374","?"
"TLI0374-false","TLI0374","false"
"TLI0374-true","TLI0374","true"
"TLI0376-?","TLI0376","?"
"TLI0376-false","TLI0376","false"
"TLI0376-true","TLI0376","true"
"TLI0378-?","TLI0378","?"
"TLI0378-true","TLI0378","true"
"TLI0378-false","TLI0378","false"
"TLI0381-?","TLI0381","?"
"TLI0381-false","TLI0381","false"
"TLI0381-true","TLI0381","true"
"TLI0383-?","TLI0383","?"
"TLI0383-false","TLI0383","false"
"TLI0383-true","TLI0383","true"
"TLI0388-?","TLI0388","?"
"TLI0388-false","TLI0388","false"
"TLI0388-true","TLI0388","true"
"TLI0392-?","TLI0392","?"
"TLI0392-true","TLI0392","true"
"TLI0392-false","TLI0392","false"
"TLI0398-?","TLI0398","?"
"TLI0398-false","TLI0398","false"
"TLI0398-true","TLI0398","true"
"TLI0400-?","TLI0400","?"
"TLI0400-true","TLI0400","true"
"TLI0400-false","TLI0400","false"
"TLI0401-?","TLI0401","?"
"TLI0401-true","TLI0401","true"
"TLI0401-false","TLI0401","false"
"TLI0430-?","TLI0430","?"
"TLI0430-False","TLI0430","False"
"TLI0430-True","TLI0430","True"
"TLI0431-?","TLI0431","?"
"TLI0431-False","TLI0431","False"
"TLI0431-True","TLI0431","True"
"TLI0440-?","TLI0440","?"
"TLI0440-True","TLI0440","True"
"TLI0440-False","TLI0440","False"
"TLI0453-false","TLI0453","false"
"TLI0453-?","TLI0453","?"
"TLI0453-true","TLI0453","true"
"TLI0512-?","TLI0512","?"
"TLI0512-true","TLI0512","true"
"TLI0512-false","TLI0512","false"
"TLI0513-?","TLI0513","?"
"TLI0513-false","TLI0513","false"
"TLI0513-true","TLI0513","true"
"TLI0514-?","TLI0514","?"
"TLI0514-true","TLI0514","true"
"TLI0514-false","TLI0514","false"
"TLI0515-?","TLI0515","?"
"TLI0515-true","TLI0515","true"
"TLI0515-false","TLI0515","false"
"TLI0517-?","TLI0517","?"
"TLI0517-true","TLI0517","true"
"TLI0517-false","TLI0517","false"
"TLI0518-?","TLI0518","?"
"TLI0518-true","TLI0518","true"
"TLI0518-false","TLI0518","false"
"TLI0519-?","TLI0519","?"
"TLI0519-false","TLI0519","false"
"TLI0519-true","TLI0519","true"
"TLI0549-?","TLI0549","?"
"TLI0549-False","TLI0549","False"
"TLI0549-True","TLI0549","True"
"TLI0552-?","TLI0552","?"
"TLI0552-False","TLI0552","False"
"TLI0552-True","TLI0552","True"
"TLI0559-?","TLI0559","?"
"TLI0559-False","TLI0559","False"
"TLI0559-True","TLI0559","True"
"TLI0560-?","TLI0560","?"
"TLI0560-True","TLI0560","True"
"TLI0560-False","TLI0560","False"
"TLI0570-?","TLI0570","?"
"TLI0570-False","TLI0570","False"
"TLI0570-True","TLI0570","True"
"TLI0578-?","TLI0578","?"
"TLI0578-False","TLI0578","False"
"TLI0578-True","TLI0578","True"
"TLI0580-?","TLI0580","?"
"TLI0580-False","TLI0580","False"
"TLI0580-True","TLI0580","True"
"TLI0582-?","TLI0582","?"
"TLI0582-False","TLI0582","False"
"TLI0582-True","TLI0582","True"
"TLI0589-?","TLI0589","?"
"TLI0589-False","TLI0589","False"
"TLI0589-True","TLI0589","True"
"TLI0592-?","TLI0592","?"
"TLI0592-False","TLI0592","False"
"TLI0592-True","TLI0592","True"
"TLI0596-?","TLI0596","?"
"TLI0596-False","TLI0596","False"
"TLI0596-True","TLI0596","True"
"TLI0597-?","TLI0597","?"
"TLI0597-True","TLI0597","True"
"TLI0597-False","TLI0597","False"
"TLI0598-?","TLI0598","?"
"TLI0598-False","TLI0598","False"
"TLI0598-True","TLI0598","True"
"TLI0604-?","TLI0604","?"
"TLI0604-False","TLI0604","False"
"TLI0604-True","TLI0604","True"
"TLI0608-FALSE","TLI0608","FALSE"
"TLI0608-?","TLI0608","?"
"TLI0608-TRUE","TLI0608","TRUE"
"TLI0612-FALSE","TLI0612","FALSE"
"TLI0612-?","TLI0612","?"
"TLI0612-TRUE","TLI0612","TRUE"
"TLI0613-FALSE","TLI0613","FALSE"
"TLI0613-?","TLI0613","?"
"TLI0613-TRUE","TLI0613","TRUE"
"TLI0615-TRUE","TLI0615","TRUE"
"TLI0615-?","TLI0615","?"
"TLI0615-FALSE","TLI0615","FALSE"
"TLI0616-FALSE","TLI0616","FALSE"
"TLI0616-?","TLI0616","?"
"TLI0616-TRUE","TLI0616","TRUE"
"TLI0617-FALSE","TLI0617","FALSE"
"TLI0617-?","TLI0617","?"
"TLI0617-TRUE","TLI0617","TRUE"
"TLI0621-TRUE","TLI0621","TRUE"
"TLI0621-?","TLI0621","?"
"TLI0621-FALSE","TLI0621","FALSE"
"TLI0624-FALSE","TLI0624","FALSE"
"TLI0624-?","TLI0624","?"
"TLI0624-TRUE","TLI0624","TRUE"
"TLI0629-TRUE","TLI0629","TRUE"
"TLI0629-?","TLI0629","?"
"TLI0629-FALSE","TLI0629","FALSE"
"TLI0630-FALSE","TLI0630","FALSE"
"TLI0630-?","TLI0630","?"
"TLI0630-TRUE","TLI0630","TRUE"
"TLI0631-TRUE","TLI0631","TRUE"
"TLI0631-?","TLI0631","?"
"TLI0631-FALSE","TLI0631","FALSE"
"TLI0635-FALSE","TLI0635","FALSE"
"TLI0635-?","TLI0635","?"
"TLI0635-TRUE","TLI0635","TRUE"
"TLI0636-FALSE","TLI0636","FALSE"
"TLI0636-?","TLI0636","?"
"TLI0636-TRUE","TLI0636","TRUE"
"TLI0640-FALSE","TLI0640","FALSE"
"TLI0640-?","TLI0640","?"
"TLI0640-TRUE","TLI0640","TRUE"
"TLI0642-FALSE","TLI0642","FALSE"
"TLI0642-?","TLI0642","?"
"TLI0642-TRUE","TLI0642","TRUE"
"TLI0654-?","TLI0654","?"
"TLI0654-Absent","TLI0654","Absent"
"TLI0654-Present","TLI0654","Present"
"TLI0668-?","TLI0668","?"
"TLI0668-'Have'","TLI0668","'Have'"
"TLI0668-Conjunctional","TLI0668","Conjunctional"
"TLI0668-Locational","TLI0668","Locational"
"TLI0668-Topic","TLI0668","Topic"
"TLI0668-Genitive","TLI0668","Genitive"
"TLI0670-?","TLI0670","?"
"TLI0670-Different","TLI0670","Different"
"TLI0670-Identical","TLI0670","Identical"
"TLI0672-?","TLI0672","?"
"TLI0672-Impossible","TLI0672","Impossible"
"TLI0672-Possible","TLI0672","Possible"
"TLI0673-?","TLI0673","?"
"TLI0673-Conjoined","TLI0673","Conjoined"
"TLI0673-Locational","TLI0673","Locational"
"TLI0673-Exceed","TLI0673","Exceed"
"TLI0673-Particle","TLI0673","Particle"
"TLI0674-?","TLI0674","?"
"TLI0674-Gap","TLI0674","Gap"
"TLI0674-Pronoun-retention","TLI0674","Pronoun-retention"
"TLI0674-Non-reduction","TLI0674","Non-reduction"
"TLI0674-Relative pronoun","TLI0674","Relative pronoun"
"TLI0682-?","TLI0682","?"
"TLI0682-Complex","TLI0682","Complex"
"TLI0682-Simple","TLI0682","Simple"
"TLI0682-Moderately complex","TLI0682","Moderately complex"
"TLI0738-?","TLI0738","?"
"TLI0738-Moderately small","TLI0738","Moderately small"
"TLI0738-Large","TLI0738","Large"
"TLI0738-Average","TLI0738","Average"
"TLI0738-Small","TLI0738","Small"
"TLI0738-Moderately large","TLI0738","Moderately large"
"TLI0751-?","TLI0751","?"
"TLI0751-Average (5-6)","TLI0751","Average (5-6)"
"TLI0751-Small (2-4)","TLI0751","Small (2-4)"
"TLI0751-Large (7-14)","TLI0751","Large (7-14)"
"TLI0766-?","TLI0766","?"
"TLI0766-Identical","TLI0766","Identical"
"TLI0766-Different stem","TLI0766","Different stem"
"TLI0766-Different inflection","TLI0766","Different inflection"
"TLI0771-?","TLI0771","?"
"TLI0771-Differentiated","TLI0771","Differentiated"
"TLI0771-Identical","TLI0771","Identical"
"TLI0790-?","TLI0790","?"
"TLI0790-'And' different from 'with'","TLI0790","'And' different from 'with'"
"TLI0790-'And' identical to 'with'","TLI0790","'And' identical to 'with'"
"TLI0792-?","TLI0792","?"
"TLI0792-No grammatical marking","TLI0792","No grammatical marking"
"TLI0792-Grammatical marking","TLI0792","Grammatical marking"
"TLI0801-?","TLI0801","?"
"TLI0801-Inflectional optative present","TLI0801","Inflectional optative present"
"TLI0801-Inflectional optative absent","TLI0801","Inflectional optative absent"
"TLI0804-?","TLI0804","?"
"TLI0804-Overlap for either possibility or necessity","TLI0804","Overlap for either possibility or necessity"
"TLI0804-No overlap","TLI0804","No overlap"
"TLI0804-Overlap for both possibility and necessity","TLI0804","Overlap for both possibility and necessity"
"TLI0839-?","TLI0839","?"
"TLI0839-TRUE","TLI0839","TRUE"
"TLI0839-FALSE","TLI0839","FALSE"
"TLI0840-?","TLI0840","?"
"TLI0840-TRUE","TLI0840","TRUE"
"TLI0840-NA","TLI0840","NA"
"TLI0840-FALSE","TLI0840","FALSE"
"TLI0841-?","TLI0841","?"
"TLI0841-FALSE","TLI0841","FALSE"
"TLI0841-TRUE","TLI0841","TRUE"
"TLI0842-?","TLI0842","?"
"TLI0842-FALSE","TLI0842","FALSE"
"TLI0842-NA","TLI0842","NA"
"TLI0842-TRUE","TLI0842","TRUE"
"TLI0843-?","TLI0843","?"
"TLI0843-no infixes in verb inflection and agreement","TLI0843","no infixes in verb inflection and agreement"
"TLI0843-infixes in verb inflection and agreement","TLI0843","infixes in verb inflection and agreement"
"TLI0844-?","TLI0844","?"
"TLI0844-split markers in verb inflection and agreement","TLI0844","split markers in verb inflection and agreement"
"TLI0844-no split markers in verb inflection and agreement","TLI0844","no split markers in verb inflection and agreement"
"TLI0845-?","TLI0845","?"
"TLI0845-9+","TLI0845","9+"
"TLI0845-0-2","TLI0845","0-2"
"TLI0845-3-8","TLI0845","3-8"
"TLI0846-?","TLI0846","?"
"TLI0846-many (9+)","TLI0846","many (9+)"
"TLI0846-1","TLI0846","1"
"TLI0846-some (3-8)","TLI0846","some (3-8)"
"TLI0846-2","TLI0846","2"
"TLI0847-?","TLI0847","?"
"TLI0847-FALSE","TLI0847","FALSE"
"TLI0847-TRUE","TLI0847","TRUE"
"TLI0848-?","TLI0848","?"
"TLI0848-2","TLI0848","2"
"TLI0848-3","TLI0848","3"
"TLI0848-4 or more","TLI0848","4 or more"
"TLI0848-none","TLI0848","none"
"TLI0849-?","TLI0849","?"
"TLI0849-no distinction","TLI0849","no distinction"
"TLI0849-distinction","TLI0849","distinction"
"TLI0849-pronouns avoided for politeness","TLI0849","pronouns avoided for politeness"
"TLI0850-?","TLI0850","?"
"TLI0850-formally similar","TLI0850","formally similar"
"TLI0850-formally different","TLI0850","formally different"
"TLI0852-?","TLI0852","?"
"TLI0852-Highly differentiated","TLI0852","Highly differentiated"
"TLI0852-Moderately differentiated","TLI0852","Moderately differentiated"
"TLI0852-Weakly differentiated","TLI0852","Weakly differentiated"
"TLI0853-?","TLI0853","?"
"TLI0853-yes, without marking","TLI0853","yes, without marking"
"TLI0853-yes, with marking","TLI0853","yes, with marking"
"TLI0853-no","TLI0853","no"
"TLI0855-?","TLI0855","?"
"TLI0855-verbal constructions possible","TLI0855","verbal constructions possible"
"TLI0855-verbal constructions not possible","TLI0855","verbal constructions not possible"
"TLI0856-?","TLI0856","?"
"TLI0856-FALSE","TLI0856","FALSE"
"TLI0856-TRUE","TLI0856","TRUE"
"TLI0857-?","TLI0857","?"
"TLI0857-FALSE","TLI0857","FALSE"
"TLI0857-TRUE","TLI0857","TRUE"
"TLI0858-?","TLI0858","?"
"TLI0858-NA","TLI0858","NA"
"TLI0858-absent","TLI0858","absent"
"TLI0858-present","TLI0858","present"
"TLI0859-?","TLI0859","?"
"TLI0859-affixes on verbs not possible","TLI0859","affixes on verbs not possible"
"TLI0859-NA","TLI0859","NA"
"TLI0859-affixes on verbs possible","TLI0859","affixes on verbs possible"
"TLI0860-?","TLI0860","?"
"TLI0860-vigesimal","TLI0860","vigesimal"
"TLI0860-decimal","TLI0860","decimal"
"TLI0860-restricted","TLI0860","restricted"
"TLI0860-extended body-part system","TLI0860","extended body-part system"
"TLI0861-NA","TLI0861","NA"
"TLI0861-?","TLI0861","?"
"TLI0861-circumverbal","TLI0861","circumverbal"
"TLI0861-morphemes on same side of verb","TLI0861","morphemes on same side of verb"
"TLI0861-with tone","TLI0861","with tone"
"TLI0865-?","TLI0865","?"
"TLI0865-NA","TLI0865","NA"
"TLI0865-XV","TLI0865","XV"
"TLI0865-VX","TLI0865","VX"
"TLI0866-?","TLI0866","?"
"TLI0866-NA","TLI0866","NA"
"TLI0866-postnominal","TLI0866","postnominal"
"TLI0866-prenominal","TLI0866","prenominal"
"TLI0866-circumnominal","TLI0866","circumnominal"
"TLI0866-adjoined","TLI0866","adjoined"
"TLI0867-?","TLI0867","?"
"TLI0867-initial","TLI0867","initial"
"TLI0867-final","TLI0867","final"
"TLI0867-NA","TLI0867","NA"
"TLI0867-internal","TLI0867","internal"
"TLI0868-?","TLI0868","?"
"TLI0868-NA","TLI0868","NA"
"TLI0868-false","TLI0868","false"
"TLI0868-true","TLI0868","true"
"TLI0871-?","TLI0871","?"
"TLI0871-true","TLI0871","true"
"TLI0871-NA","TLI0871","NA"
"TLI0871-false","TLI0871","false"
"TLI0872-?","TLI0872","?"
"TLI0872-NA","TLI0872","NA"
"TLI0872-excl-as-person","TLI0872","excl-as-person"
"TLI0872-plain-i/e","TLI0872","plain-i/e"
"TLI0872-min/aug","TLI0872","min/aug"
"TLI0873-?","TLI0873","?"
"TLI0873-NA","TLI0873","NA"
"TLI0873-true","TLI0873","true"
"TLI0873-false","TLI0873","false"
"TLI0874-?","TLI0874","?"
"TLI0874-true","TLI0874","true"
"TLI0874-NA","TLI0874","NA"
"TLI0874-false","TLI0874","false"
"TLI0875-?","TLI0875","?"
"TLI0875-true","TLI0875","true"
"TLI0875-NA","TLI0875","NA"
"TLI0875-false","TLI0875","false"
"TLI0877-?","TLI0877","?"
"TLI0877-prae","TLI0877","prae"
"TLI0877-NA","TLI0877","NA"
"TLI0877-post","TLI0877","post"
"TLI0877-split","TLI0877","split"
"TLI0877-in/simul","TLI0877","in/simul"
"TLI0878-?","TLI0878","?"
"TLI0878-NA","TLI0878","NA"
"TLI0878-prae","TLI0878","prae"
"TLI0878-post","TLI0878","post"
"TLI0878-split","TLI0878","split"
"TLI0878-in/simul","TLI0878","in/simul"
"TLI0879-?","TLI0879","?"
"TLI0879-true","TLI0879","true"
"TLI0879-NA","TLI0879","NA"
"TLI0879-false","TLI0879","false"
"TLI0880-?","TLI0880","?"
"TLI0880-false","TLI0880","false"
"TLI0880-NA","TLI0880","NA"
"TLI0880-true","TLI0880","true"
"TLI0881-?","TLI0881","?"
"TLI0881-false","TLI0881","false"
"TLI0881-NA","TLI0881","NA"
"TLI0881-true","TLI0881","true"
"TLI0882-?","TLI0882","?"
"TLI0882-false","TLI0882","false"
"TLI0882-NA","TLI0882","NA"
"TLI0882-true","TLI0882","true"
"TLI0884-?","TLI0884","?"
"TLI0884-false","TLI0884","false"
"TLI0884-NA","TLI0884","NA"
"TLI0884-true","TLI0884","true"
"TLI0885-?","TLI0885","?"
"TLI0885-false","TLI0885","false"
"TLI0885-NA","TLI0885","NA"
"TLI0885-true","TLI0885","true"
"TLI0886-?","TLI0886","?"
"TLI0886-false","TLI0886","false"
"TLI0886-NA","TLI0886","NA"
"TLI0886-true","TLI0886","true"
"TLI0887-?","TLI0887","?"
"TLI0887-false","TLI0887","false"
"TLI0887-NA","TLI0887","NA"
"TLI0887-true","TLI0887","true"
"TLI0888-?","TLI0888","?"
"TLI0888-False","TLI0888","False"
"TLI0888-NA","TLI0888","NA"
"TLI0888-True","TLI0888","True"
"TLI0889-?","TLI0889","?"
"TLI0889-separative","TLI0889","separative"
"TLI0889-NA","TLI0889","NA"
"TLI0889-cumulative","TLI0889","cumulative"
"TLI0889-distributive","TLI0889","distributive"
"TLI0890-true","TLI0890","true"
"TLI0890-?","TLI0890","?"
"TLI0890-false","TLI0890","false"
"TLI0890-NA","TLI0890","NA"
"TLI0891-?","TLI0891","?"
"TLI0891-False","TLI0891","False"
"TLI0891-True","TLI0891","True"
"TLI0891-NA","TLI0891","NA"
"TLI0892-?","TLI0892","?"
"TLI0892-False","TLI0892","False"
"TLI0892-True","TLI0892","True"
"TLI0892-NA","TLI0892","NA"
"TLI0893-?","TLI0893","?"
"TLI0893-False","TLI0893","False"
"TLI0893-NA","TLI0893","NA"
"TLI0893-True","TLI0893","True"
"TLI0894-TRUE","TLI0894","TRUE"
"TLI0894-?","TLI0894","?"
"TLI0894-FALSE","TLI0894","FALSE"
"TLI0894-NA","TLI0894","NA"
"TLI0895-TRUE","TLI0895","TRUE"
"TLI0895-?","TLI0895","?"
"TLI0895-FALSE","TLI0895","FALSE"
"TLI0895-NA","TLI0895","NA"
"TLI0896-TRUE","TLI0896","TRUE"
"TLI0896-?","TLI0896","?"
"TLI0896-FALSE","TLI0896","FALSE"
"TLI0896-NA","TLI0896","NA"
"TLI0898-?","TLI0898","?"
"TLI0898-Both the A and P arguments","TLI0898","Both the A and P arguments"
"TLI0898-NA","TLI0898","NA"
"TLI0898-Only the P argument","TLI0898","Only the P argument"
"TLI0898-Only the A argument","TLI0898","Only the A argument"
"TLI0898-A or P argument","TLI0898","A or P argument"
"TLI0899-?","TLI0899","?"
"TLI0899-syncretic","TLI0899","syncretic"
"TLI0899-not syncretic","TLI0899","not syncretic"
"TLI0899-NA","TLI0899","NA"
"TLI0900-?","TLI0900","?"
"TLI0900-NA","TLI0900","NA"
"TLI0900-TRUE","TLI0900","TRUE"
"TLI0900-FALSE","TLI0900","FALSE"
"TLI0901-?","TLI0901","?"
"TLI0901-NA","TLI0901","NA"
"TLI0901-semantic and formal","TLI0901","semantic and formal"
"TLI0901-semantic","TLI0901","semantic"
"TLI0902-?","TLI0902","?"
"TLI0902-NA","TLI0902","NA"
"TLI0902-Inflectional future exists","TLI0902","Inflectional future exists"
"TLI0902-No inflectional future","TLI0902","No inflectional future"
"TLI0903-?","TLI0903","?"
"TLI0903-NA","TLI0903","NA"
"TLI0903-1","TLI0903","1"
"TLI0903-2 or more","TLI0903","2 or more"
"TLI0904-?","TLI0904","?"
"TLI0904-NA","TLI0904","NA"
"TLI0904-1","TLI0904","1"
"TLI0904-2","TLI0904","2"
"TLI0904-3 or more","TLI0904","3 or more"
"TLI0905-?","TLI0905","?"
"TLI0905-NA","TLI0905","NA"
"TLI0905-large (6-9 cases)","TLI0905","large (6-9 cases)"
"TLI0905-small (2-3 cases)","TLI0905","small (2-3 cases)"
"TLI0905-very large (10 or more)","TLI0905","very large (10 or more)"
"TLI0905-mid (4-5 cases)","TLI0905","mid (4-5 cases)"
"TLI0906-?","TLI0906","?"
"TLI0906-NA","TLI0906","NA"
"TLI0906-symmetrical","TLI0906","symmetrical"
"TLI0906-asymmetrical","TLI0906","asymmetrical"
"TLI0906-syncretism","TLI0906","syncretism"
"TLI0907-?","TLI0907","?"
"TLI0907-NA","TLI0907","NA"
"TLI0907-TRUE","TLI0907","TRUE"
"TLI0907-FALSE","TLI0907","FALSE"
"TLI0908-false","TLI0908","false"
"TLI0908-?","TLI0908","?"
"TLI0908-NA","TLI0908","NA"
"TLI0908-true","TLI0908","true"
"TLI0909-?","TLI0909","?"
"TLI0909-true","TLI0909","true"
"TLI0909-NA","TLI0909","NA"
"TLI0909-false","TLI0909","false"
"TLI0910-?","TLI0910","?"
"TLI0910-false","TLI0910","false"
"TLI0910-NA","TLI0910","NA"
"TLI0910-true","TLI0910","true"
"TLI0911-?","TLI0911","?"
"TLI0911-true","TLI0911","true"
"TLI0911-NA","TLI0911","NA"
"TLI0911-false","TLI0911","false"
"TLI0912-?","TLI0912","?"
"TLI0912-NA","TLI0912","NA"
"TLI0912-true","TLI0912","true"
"TLI0912-false","TLI0912","false"
"TLI0913-NA","TLI0913","NA"
"TLI0913-?","TLI0913","?"
"TLI0913-FALSE","TLI0913","FALSE"
"TLI0913-TRUE","TLI0913","TRUE"
"TLI0914-NA","TLI0914","NA"
"TLI0914-?","TLI0914","?"
"TLI0914-FALSE","TLI0914","FALSE"
"TLI0914-TRUE","TLI0914","TRUE"
"TLI0915-?","TLI0915","?"
"TLI0915-NA","TLI0915","NA"
"TLI0915-Other perfect","TLI0915","Other perfect"
"TLI0915-From 'finish', 'already'","TLI0915","From 'finish', 'already'"
"TLI0915-From possessive","TLI0915","From possessive"
"TLI0916-?","TLI0916","?"
"TLI0916-false","TLI0916","false"
"TLI0916-NA","TLI0916","NA"
"TLI0916-true","TLI0916","true"
"TLI0917-?","TLI0917","?"
"TLI0917-NA","TLI0917","NA"
"TLI0917-false","TLI0917","false"
"TLI0917-true","TLI0917","true"
"TLI0918-?","TLI0918","?"
"TLI0918-NA","TLI0918","NA"
"TLI0918-false","TLI0918","false"
"TLI0918-true","TLI0918","true"
"TLI0919-?","TLI0919","?"
"TLI0919-NA","TLI0919","NA"
"TLI0919-false","TLI0919","false"
"TLI0919-true","TLI0919","true"
"TLI0920-?","TLI0920","?"
"TLI0920-NA","TLI0920","NA"
"TLI0920-true","TLI0920","true"
"TLI0920-false","TLI0920","false"
"TLI0921-S=Atr≠P (accusative)","TLI0921","S=Atr≠P (accusative)"
"TLI0921-?","TLI0921","?"
"TLI0921-S=Atr=P (neutral)","TLI0921","S=Atr=P (neutral)"
"TLI0921-NA","TLI0921","NA"
"TLI0921-S=P≠Atr (ergative)","TLI0921","S=P≠Atr (ergative)"
"TLI0923-?","TLI0923","?"
"TLI0923-P=T=G","TLI0923","P=T=G"
"TLI0923-P=T≠G","TLI0923","P=T≠G"
"TLI0923-NA","TLI0923","NA"
"TLI0923-P=G≠T","TLI0923","P=G≠T"
"TLI0924-?","TLI0924","?"
"TLI0924-A precedes P","TLI0924","A precedes P"
"TLI0924-P precedes A","TLI0924","P precedes A"
"TLI0924-NA","TLI0924","NA"
"TLI0924-A and P are fused","TLI0924","A and P are fused"
"TLI0925-interrogative verb morphology","TLI0925","interrogative verb morphology"
"TLI0925-?","TLI0925","?"
"TLI0925-question particle","TLI0925","question particle"
"TLI0925-intonation only","TLI0925","intonation only"
"TLI0925-interrogative word order","TLI0925","interrogative word order"
"TLI0925-absence of declarative morphemes","TLI0925","absence of declarative morphemes"
"TLI0925-NA","TLI0925","NA"
"TLI0928-noun-num","TLI0928","noun-num"
"TLI0928-?","TLI0928","?"
"TLI0928-num-noun","TLI0928","num-noun"
"TLI0928-NA","TLI0928","NA"
"TLI0929-NA","TLI0929","NA"
"TLI0929-?","TLI0929","?"
"TLI0929-Final","TLI0929","Final"
"TLI0929-Initial","TLI0929","Initial"
"TLI0929-Second","TLI0929","Second"
"TLI0930-clitics or affixes","TLI0930","clitics or affixes"
"TLI0930-?","TLI0930","?"
"TLI0930-pronouns in different position","TLI0930","pronouns in different position"
"TLI0930-pronouns in subject position","TLI0930","pronouns in subject position"
"TLI0931-?","TLI0931","?"
"TLI0931-FALSE","TLI0931","FALSE"
"TLI0931-TRUE","TLI0931","TRUE"
"TLI0932-?","TLI0932","?"
"TLI0932-TRUE","TLI0932","TRUE"
"TLI0932-FALSE","TLI0932","FALSE"
"TLI0933-?","TLI0933","?"
"TLI0933-TRUE","TLI0933","TRUE"
"TLI0933-FALSE","TLI0933","FALSE"
"TLI0934-?","TLI0934","?"
"TLI0934-TRUE","TLI0934","TRUE"
"TLI0934-FALSE","TLI0934","FALSE"
"TLI0935-?","TLI0935","?"
"TLI0935-FALSE","TLI0935","FALSE"
"TLI0935-TRUE","TLI0935","TRUE"
"TLI0936-?","TLI0936","?"
"TLI0936-TRUE","TLI0936","TRUE"
"TLI0936-FALSE","TLI0936","FALSE"
"TLI0937-?","TLI0937","?"
"TLI0937-FALSE","TLI0937","FALSE"
"TLI0937-TRUE","TLI0937","TRUE"
"TLI0938-?","TLI0938","?"
"TLI0938-TRUE","TLI0938","TRUE"
"TLI0938-FALSE","TLI0938","FALSE"
"TLI0939-?","TLI0939","?"
"TLI0939-FALSE","TLI0939","FALSE"
"TLI0939-TRUE","TLI0939","TRUE"
"TLI0940-?","TLI0940","?"
"TLI0940-TRUE","TLI0940","TRUE"
"TLI0940-FALSE","TLI0940","FALSE"
"TLI0943-?","TLI0943","?"
"TLI0943-FALSE","TLI0943","FALSE"
"TLI0943-TRUE","TLI0943","TRUE"
"TLI0945-?","TLI0945","?"
"TLI0945-FALSE","TLI0945","FALSE"
"TLI0945-TRUE","TLI0945","TRUE"
"TLI0947-?","TLI0947","?"
"TLI0947-TRUE","TLI0947","TRUE"
"TLI0947-FALSE","TLI0947","FALSE"
"TLI0951-?","TLI0951","?"
"TLI0951-TRUE","TLI0951","TRUE"
"TLI0951-FALSE","TLI0951","FALSE"
"TLI0952-TRUE","TLI0952","TRUE"
"TLI0952-?","TLI0952","?"
"TLI0952-FALSE","TLI0952","FALSE"
"TLI0953-?","TLI0953","?"
"TLI0953-unrelated","TLI0953","unrelated"
"TLI0953-related","TLI0953","related"
"TLI0954-?","TLI0954","?"
"TLI0954-FALSE","TLI0954","FALSE"
"TLI0954-TRUE","TLI0954","TRUE"
"TLI0955-?","TLI0955","?"
"TLI0955-FALSE","TLI0955","FALSE"
"TLI0955-TRUE","TLI0955","TRUE"
"TLI0956-?","TLI0956","?"
"TLI0956-FALSE","TLI0956","FALSE"
"TLI0956-TRUE","TLI0956","TRUE"
"TLI0957-?","TLI0957","?"
"TLI0957-TRUE","TLI0957","TRUE"
"TLI0957-FALSE","TLI0957","FALSE"
"TLI0958-?","TLI0958","?"
"TLI0958-TRUE","TLI0958","TRUE"
"TLI0958-FALSE","TLI0958","FALSE"
"TLI0959-?","TLI0959","?"
"TLI0959-TRUE","TLI0959","TRUE"
"TLI0959-FALSE","TLI0959","FALSE"
"TLI0960-FALSE","TLI0960","FALSE"
"TLI0960-?","TLI0960","?"
"TLI0960-TRUE","TLI0960","TRUE"
"TLI0961-?","TLI0961","?"
"TLI0961-TRUE","TLI0961","TRUE"
"TLI0961-FALSE","TLI0961","FALSE"
"TLI0962-?","TLI0962","?"
"TLI0962-identity","TLI0962","identity"
"TLI0962-differentiation","TLI0962","differentiation"
"TLI0963-?","TLI0963","?"
"TLI0963-TRUE","TLI0963","TRUE"
"TLI0963-FALSE","TLI0963","FALSE"
"TLI0964-?","TLI0964","?"
"TLI0964-special imperative","TLI0964","special imperative"
"TLI0964-normal imperative","TLI0964","normal imperative"
"TLI0965-?","TLI0965","?"
"TLI0965-normal negative","TLI0965","normal negative"
"TLI0965-special negative","TLI0965","special negative"
"TLI0966-?","TLI0966","?"
"TLI0966-FALSE","TLI0966","FALSE"
"TLI0966-TRUE","TLI0966","TRUE"
"TLI0967-?","TLI0967","?"
"TLI0967-FALSE","TLI0967","FALSE"
"TLI0967-TRUE","TLI0967","TRUE"
"TLI0968-?","TLI0968","?"
"TLI0968-FALSE","TLI0968","FALSE"
"TLI0968-TRUE","TLI0968","TRUE"
"TLI0970-?","TLI0970","?"
"TLI0970-NA","TLI0970","NA"
"TLI0970-FALSE","TLI0970","FALSE"
"TLI0970-TRUE","TLI0970","TRUE"
"TLI0971-?","TLI0971","?"
"TLI0971-TRUE","TLI0971","TRUE"
"TLI0971-FALSE","TLI0971","FALSE"
"TLI0971-NA","TLI0971","NA"
"TLI0972-?","TLI0972","?"
"TLI0972-TRUE","TLI0972","TRUE"
"TLI0972-FALSE","TLI0972","FALSE"
"TLI0972-NA","TLI0972","NA"
"TLI0973-?","TLI0973","?"
"TLI0973-NA","TLI0973","NA"
"TLI0973-FALSE","TLI0973","FALSE"
"TLI0973-TRUE","TLI0973","TRUE"
"TLI0974-?","TLI0974","?"
"TLI0974-NA","TLI0974","NA"
"TLI0974-TRUE","TLI0974","TRUE"
"TLI0974-FALSE","TLI0974","FALSE"
"TLI0975-?","TLI0975","?"
"TLI0975-FALSE","TLI0975","FALSE"
"TLI0975-NA","TLI0975","NA"
"TLI0975-TRUE","TLI0975","TRUE"
"TLI0976-?","TLI0976","?"
"TLI0976-FALSE","TLI0976","FALSE"
"TLI0976-TRUE","TLI0976","TRUE"
"TLI0977-?","TLI0977","?"
"TLI0977-FALSE","TLI0977","FALSE"
"TLI0977-TRUE","TLI0977","TRUE"
"TLI0978-noun-dem","TLI0978","noun-dem"
"TLI0978-?","TLI0978","?"
"TLI0978-dem-noun","TLI0978","dem-noun"
"TLI0978-circum","TLI0978","circum"
"TLI0979-demonstrative word","TLI0979","demonstrative word"
"TLI0979-?","TLI0979","?"
"TLI0979-demonstrative affix","TLI0979","demonstrative affix"
"TLI0980-clitics","TLI0980","clitics"
"TLI0980-?","TLI0980","?"
"TLI0980-NA","TLI0980","NA"
"TLI0980-affixes","TLI0980","affixes"
"TLI0981-NA","TLI0981","NA"
"TLI0981-?","TLI0981","?"
"TLI0981-obligatory","TLI0981","obligatory"
"TLI0981-optional","TLI0981","optional"
"TLI0982-NA","TLI0982","NA"
"TLI0982-?","TLI0982","?"
"TLI0982-negative particle","TLI0982","negative particle"
"TLI0982-negative auxiliary verb","TLI0982","negative auxiliary verb"
"TLI0983-?","TLI0983","?"
"TLI0983-TRUE","TLI0983","TRUE"
"TLI0983-FALSE","TLI0983","FALSE"
"TLI0983-NA","TLI0983","NA"
"TLI0984-NA","TLI0984","NA"
"TLI0984-?","TLI0984","?"
"TLI0984-complex","TLI0984","complex"
"TLI0984-simple","TLI0984","simple"
"TLI0985-?","TLI0985","?"
"TLI0985-NA","TLI0985","NA"
"TLI0985-FALSE","TLI0985","FALSE"
"TLI0985-TRUE","TLI0985","TRUE"
"TLI0986-?","TLI0986","?"
"TLI0986-NA","TLI0986","NA"
"TLI0986-TRUE","TLI0986","TRUE"
"TLI0986-FALSE","TLI0986","FALSE"
"TLI0987-?","TLI0987","?"
"TLI0987-productive full and partial","TLI0987","productive full and partial"
"TLI0987-NA","TLI0987","NA"
"TLI0987-only full reduplication","TLI0987","only full reduplication"
"TLI0988-?","TLI0988","?"
"TLI0988-NA","TLI0988","NA"
"TLI0988-Related by gender markers","TLI0988","Related by gender markers"
"TLI0988-Related for all demonstratives","TLI0988","Related for all demonstratives"
"TLI0988-Related to remote demonstratives","TLI0988","Related to remote demonstratives"
"TLI0988-Related to non-remote demonstratives","TLI0988","Related to non-remote demonstratives"
"TLI0988-Related for non-human reference","TLI0988","Related for non-human reference"
"TLI0989-?","TLI0989","?"
"TLI0989-FALSE","TLI0989","FALSE"
"TLI0989-NA","TLI0989","NA"
"TLI0989-TRUE","TLI0989","TRUE"
"TLI0990-NA","TLI0990","NA"
"TLI0990-?","TLI0990","?"
"TLI0990-TRUE","TLI0990","TRUE"
"TLI0990-FALSE","TLI0990","FALSE"
"TLI0991-?","TLI0991","?"
"TLI0991-TRUE","TLI0991","TRUE"
"TLI0991-FALSE","TLI0991","FALSE"
"TLI0991-NA","TLI0991","NA"
"TLI0992-?","TLI0992","?"
"TLI0992-FALSE","TLI0992","FALSE"
"TLI0992-TRUE","TLI0992","TRUE"
"TLI0992-NA","TLI0992","NA"
"TLI0993-?","TLI0993","?"
"TLI0993-TRUE","TLI0993","TRUE"
"TLI0993-FALSE","TLI0993","FALSE"
"TLI0993-NA","TLI0993","NA"
"TLI0994-?","TLI0994","?"
"TLI0994-FALSE","TLI0994","FALSE"
"TLI0994-TRUE","TLI0994","TRUE"
"TLI0994-NA","TLI0994","NA"
"TLI0995-?","TLI0995","?"
"TLI0995-FALSE","TLI0995","FALSE"
"TLI0995-TRUE","TLI0995","TRUE"
"TLI0995-NA","TLI0995","NA"
"TLI0996-?","TLI0996","?"
"TLI0996-FALSE","TLI0996","FALSE"
"TLI0996-NA","TLI0996","NA"
"TLI0996-TRUE","TLI0996","TRUE"
"TLI0998-?","TLI0998","?"
"TLI0998-FALSE","TLI0998","FALSE"
"TLI0998-NA","TLI0998","NA"
"TLI0998-TRUE","TLI0998","TRUE"
"TLI0999-?","TLI0999","?"
"TLI0999-TRUE","TLI0999","TRUE"
"TLI0999-NA","TLI0999","NA"
"TLI0999-FALSE","TLI0999","FALSE"
"TLI1000-negative suffix","TLI1000","negative suffix"
"TLI1000-?","TLI1000","?"
"TLI1000-NA","TLI1000","NA"
"TLI1000-negative prefix","TLI1000","negative prefix"
"TLI1002-NA","TLI1002","NA"
"TLI1002-?","TLI1002","?"
"TLI1002-TRUE","TLI1002","TRUE"
"TLI1002-FALSE","TLI1002","FALSE"
"TLI1003-?","TLI1003","?"
"TLI1003-immediately postverbal","TLI1003","immediately postverbal"
"TLI1003-NA","TLI1003","NA"
"TLI1003-end","TLI1003","end"
"TLI1004-?","TLI1004","?"
"TLI1004-NA","TLI1004","NA"
"TLI1004-immediately preverbal","TLI1004","immediately preverbal"
"TLI1004-not beginning or immediate preverbal","TLI1004","not beginning or immediate preverbal"
"TLI1004-beginning","TLI1004","beginning"
"TLI1005-suffixing","TLI1005","suffixing"
"TLI1005-?","TLI1005","?"
"TLI1005-NA","TLI1005","NA"
"TLI1005-prefixing","TLI1005","prefixing"
"TLI1006-NA","TLI1006","NA"
"TLI1006-?","TLI1006","?"
"TLI1006-nominal plurality obligatory","TLI1006","nominal plurality obligatory"
"TLI1006-nominal plurality optional","TLI1006","nominal plurality optional"
"TLI1007-NA","TLI1007","NA"
"TLI1007-?","TLI1007","?"
"TLI1007-all-nouns","TLI1007","all-nouns"
"TLI1007-humans-only","TLI1007","humans-only"
"TLI1008-?","TLI1008","?"
"TLI1008-pronouns sensitive to number","TLI1008","pronouns sensitive to number"
"TLI1008-pronouns number-indifferent","TLI1008","pronouns number-indifferent"
"TLI1008-NA","TLI1008","NA"
"TLI1009-NA","TLI1009","NA"
"TLI1009-?","TLI1009","?"
"TLI1009-unique associative plural","TLI1009","unique associative plural"
"TLI1009-same as additive","TLI1009","same as additive"
"TLI1010-TRUE","TLI1010","TRUE"
"TLI1010-?","TLI1010","?"
"TLI1010-NA","TLI1010","NA"
"TLI1010-FALSE","TLI1010","FALSE"
"TLI1011-FALSE","TLI1011","FALSE"
"TLI1011-?","TLI1011","?"
"TLI1011-TRUE","TLI1011","TRUE"
"TLI1011-NA","TLI1011","NA"
"TLI1012-?","TLI1012","?"
"TLI1012-NA","TLI1012","NA"
"TLI1012-TRUE","TLI1012","TRUE"
"TLI1012-FALSE","TLI1012","FALSE"
"TLI1013-?","TLI1013","?"
"TLI1013-FALSE","TLI1013","FALSE"
"TLI1013-TRUE","TLI1013","TRUE"
"TLI1013-NA","TLI1013","NA"
"TLI1014-?","TLI1014","?"
"TLI1014-FALSE","TLI1014","FALSE"
"TLI1014-TRUE","TLI1014","TRUE"
"TLI1014-NA","TLI1014","NA"
"TLI1015-affix","TLI1015","affix"
"TLI1015-?","TLI1015","?"
"TLI1015-NA","TLI1015","NA"
"TLI1015-clitic","TLI1015","clitic"
"TLI1015-tone","TLI1015","tone"
"TLI1015-stem change","TLI1015","stem change"
"TLI1016-post","TLI1016","post"
"TLI1016-?","TLI1016","?"
"TLI1016-NA","TLI1016","NA"
"TLI1016-pre","TLI1016","pre"
"TLI1016-in","TLI1016","in"
"TLI1017-?","TLI1017","?"
"TLI1017-NA","TLI1017","NA"
"TLI1017-word","TLI1017","word"
"TLI1017-reduplication","TLI1017","reduplication"
"TLI1017-affix","TLI1017","affix"
"TLI1018-?","TLI1018","?"
"TLI1018-NA","TLI1018","NA"
"TLI1018-obligatory","TLI1018","obligatory"
"TLI1018-optional","TLI1018","optional"
"TLI1019-?","TLI1019","?"
"TLI1019-NA","TLI1019","NA"
"TLI1019-TRUE","TLI1019","TRUE"
"TLI1019-FALSE","TLI1019","FALSE"
"TLI1020-?","TLI1020","?"
"TLI1020-2p with number distinctions","TLI1020","2p with number distinctions"
"TLI1020-NA","TLI1020","NA"
"TLI1020-2p number-neutral","TLI1020","2p number-neutral"
"TLI1021-?","TLI1021","?"
"TLI1021-NA","TLI1021","NA"
"TLI1021-TRUE","TLI1021","TRUE"
"TLI1021-FALSE","TLI1021","FALSE"
"TLI1022-NA","TLI1022","NA"
"TLI1022-?","TLI1022","?"
"TLI1022-postverbal word","TLI1022","postverbal word"
"TLI1022-preverbal word","TLI1022","preverbal word"
"TLI1023-?","TLI1023","?"
"TLI1023-TRUE","TLI1023","TRUE"
"TLI1023-NA","TLI1023","NA"
"TLI1023-FALSE","TLI1023","FALSE"
"TLI1024-?","TLI1024","?"
"TLI1024-Possessive","TLI1024","Possessive"
"TLI1024-Sentential","TLI1024","Sentential"
"TLI1024-NA","TLI1024","NA"
"TLI1024-Restricted","TLI1024","Restricted"
"TLI1025-?","TLI1025","?"
"TLI1025-NA","TLI1025","NA"
"TLI1025-Initial","TLI1025","Initial"
"TLI1025-Second","TLI1025","Second"
"TLI1025-Third","TLI1025","Third"
"TLI1026-?","TLI1026","?"
"TLI1026-NA","TLI1026","NA"
"TLI1026-Penultimate","TLI1026","Penultimate"
"TLI1026-Ultimate","TLI1026","Ultimate"
"TLI1026-Antepenultimate","TLI1026","Antepenultimate"
"TLI1027-?","TLI1027","?"
"TLI1027-NA","TLI1027","NA"
"TLI1027-TRUE","TLI1027","TRUE"
"TLI1027-FALSE","TLI1027","FALSE"
"TLI1028-?","TLI1028","?"
"TLI1028-Second singular and second plural","TLI1028","Second singular and second plural"
"TLI1028-NA","TLI1028","NA"
"TLI1028-Second singular","TLI1028","Second singular"
"TLI1028-Second plural","TLI1028","Second plural"
"TLI1029-?","TLI1029","?"
"TLI1029-NA","TLI1029","NA"
"TLI1029-indirect only","TLI1029","indirect only"
"TLI1029-direct and indirect","TLI1029","direct and indirect"
"TLI1030-?","TLI1030","?"
"TLI1030-zero in at least some 3sg forms","TLI1030","zero in at least some 3sg forms"
"TLI1030-NA","TLI1030","NA"
"TLI1030-zero in all 3rd person forms","TLI1030","zero in all 3rd person forms"
"TLI1031-?","TLI1031","?"
"TLI1031-TRUE","TLI1031","TRUE"
"TLI1031-FALSE","TLI1031","FALSE"
"TLI1031-NA","TLI1031","NA"
"TLI1032-?","TLI1032","?"
"TLI1032-FALSE","TLI1032","FALSE"
"TLI1032-TRUE","TLI1032","TRUE"
"TLI1032-NA","TLI1032","NA"
"TLI1033-definite distinct from demonstrative","TLI1033","definite distinct from demonstrative"
"TLI1033-?","TLI1033","?"
"TLI1033-definite same as demonstrative","TLI1033","definite same as demonstrative"
"TLI1033-NA","TLI1033","NA"
"TLI1035-NA","TLI1035","NA"
"TLI1035-?","TLI1035","?"
"TLI1035-indefinite same as one","TLI1035","indefinite same as one"
"TLI1035-indefinite distinct from one","TLI1035","indefinite distinct from one"
"TLI1036-NA","TLI1036","NA"
"TLI1036-?","TLI1036","?"
"TLI1036-indefinite word","TLI1036","indefinite word"
"TLI1036-indefinite affix","TLI1036","indefinite affix"
"TLI1037-?","TLI1037","?"
"TLI1037-NA","TLI1037","NA"
"TLI1037-singular only","TLI1037","singular only"
"TLI1037-also non-singular","TLI1037","also non-singular"
"TLI1038-?","TLI1038","?"
"TLI1038-NA","TLI1038","NA"
"TLI1038-FALSE","TLI1038","FALSE"
"TLI1038-TRUE","TLI1038","TRUE"
"TLI1039-definite affix","TLI1039","definite affix"
"TLI1039-?","TLI1039","?"
"TLI1039-definite word","TLI1039","definite word"
"TLI1039-NA","TLI1039","NA"
"TLI1040-?","TLI1040","?"
"TLI1040-NA","TLI1040","NA"
"TLI1040-TRUE","TLI1040","TRUE"
"TLI1040-FALSE","TLI1040","FALSE"
"TLI1041-?","TLI1041","?"
"TLI1041-NA","TLI1041","NA"
"TLI1041-FALSE","TLI1041","FALSE"
"TLI1041-TRUE","TLI1041","TRUE"
"TLI1042-NA","TLI1042","NA"
"TLI1042-?","TLI1042","?"
"TLI1042-nominal plural affixes","TLI1042","nominal plural affixes"
"TLI1042-pronominal plural affixes","TLI1042","pronominal plural affixes"
"TLI1043-?","TLI1043","?"
"TLI1043-Predicate negation also present","TLI1043","Predicate negation also present"
"TLI1043-NA","TLI1043","NA"
"TLI1043-No predicate negation","TLI1043","No predicate negation"
"TLI1044-?","TLI1044","?"
"TLI1044-first/one-th, two-th, three-th","TLI1044","first/one-th, two-th, three-th"
"TLI1044-first, two-th, three-th","TLI1044","first, two-th, three-th"
"TLI1044-NA","TLI1044","NA"
"TLI1044-first, two, three","TLI1044","first, two, three"
"TLI1044-one-th, two-th, three-th","TLI1044","one-th, two-th, three-th"
"TLI1044-first, second, three-th","TLI1044","first, second, three-th"
"TLI1044-one, two, three","TLI1044","one, two, three"
"TLI1045-NA","TLI1045","NA"
"TLI1045-?","TLI1045","?"
"TLI1045-prefixes","TLI1045","prefixes"
"TLI1045-suffixes","TLI1045","suffixes"
"TLI1046-?","TLI1046","?"
"TLI1046-FALSE","TLI1046","FALSE"
"TLI1046-TRUE","TLI1046","TRUE"
"TLI1047-?","TLI1047","?"
"TLI1047-TRUE","TLI1047","TRUE"
"TLI1047-FALSE","TLI1047","FALSE"
"TLI1049-FALSE","TLI1049","FALSE"
"TLI1049-?","TLI1049","?"
"TLI1049-TRUE","TLI1049","TRUE"
"TLI1050-no double negation","TLI1050","no double negation"
"TLI1050-?","TLI1050","?"
"TLI1050-double negation","TLI1050","double negation"
"TLI1051-TRUE","TLI1051","TRUE"
"TLI1051-?","TLI1051","?"
"TLI1051-FALSE","TLI1051","FALSE"
"TLI1052-TRUE","TLI1052","TRUE"
"TLI1052-?","TLI1052","?"
"TLI1052-FALSE","TLI1052","FALSE"
"TLI1053-TRUE","TLI1053","TRUE"
"TLI1053-?","TLI1053","?"
"TLI1053-FALSE","TLI1053","FALSE"
"TLI1055-FALSE","TLI1055","FALSE"
"TLI1055-?","TLI1055","?"
"TLI1055-TRUE","TLI1055","TRUE"
"TLI1056-?","TLI1056","?"
"TLI1056-TRUE","TLI1056","TRUE"
"TLI1056-FALSE","TLI1056","FALSE"
"TLI1057-?","TLI1057","?"
"TLI1057-FALSE","TLI1057","FALSE"
"TLI1057-TRUE","TLI1057","TRUE"
"TLI1058-TRUE","TLI1058","TRUE"
"TLI1058-?","TLI1058","?"
"TLI1058-FALSE","TLI1058","FALSE"
"TLI1059-TRUE","TLI1059","TRUE"
"TLI1059-?","TLI1059","?"
"TLI1059-FALSE","TLI1059","FALSE"
"TLI1060-TRUE","TLI1060","TRUE"
"TLI1060-?","TLI1060","?"
"TLI1060-FALSE","TLI1060","FALSE"
"TLI1061-TRUE","TLI1061","TRUE"
"TLI1061-?","TLI1061","?"
"TLI1061-FALSE","TLI1061","FALSE"
"TLI1062-negative affix","TLI1062","negative affix"
"TLI1062-?","TLI1062","?"
"TLI1062-negative word","TLI1062","negative word"
"TLI1062-NA","TLI1062","NA"
"TLI1062-negative tone","TLI1062","negative tone"
"TLI1063-?","TLI1063","?"
"TLI1063-NA","TLI1063","NA"
"TLI1063-FALSE","TLI1063","FALSE"
"TLI1063-TRUE","TLI1063","TRUE"
"TLI1064-?","TLI1064","?"
"TLI1064-TRUE","TLI1064","TRUE"
"TLI1064-NA","TLI1064","NA"
"TLI1064-FALSE","TLI1064","FALSE"
"TLI1065-FALSE","TLI1065","FALSE"
"TLI1065-?","TLI1065","?"
"TLI1065-NA","TLI1065","NA"
"TLI1065-TRUE","TLI1065","TRUE"
"TLI1066-FALSE","TLI1066","FALSE"
"TLI1066-?","TLI1066","?"
"TLI1066-TRUE","TLI1066","TRUE"
"TLI1066-NA","TLI1066","NA"
"TLI1067-?","TLI1067","?"
"TLI1067-NA","TLI1067","NA"
"TLI1067-more","TLI1067","more"
"TLI1067-three","TLI1067","three"
"TLI1067-two","TLI1067","two"
"TLI1067-four","TLI1067","four"
"TLI1068-NA","TLI1068","NA"
"TLI1068-?","TLI1068","?"
"TLI1068-concatenative","TLI1068","concatenative"
"TLI1068-isolating","TLI1068","isolating"
"TLI1068-reduplicative","TLI1068","reduplicative"
"TLI1068-stem change","TLI1068","stem change"
"TLI1068-tonal","TLI1068","tonal"
"TLI1069-suffixes","TLI1069","suffixes"
"TLI1069-?","TLI1069","?"
"TLI1069-NA","TLI1069","NA"
"TLI1069-prefixes","TLI1069","prefixes"
"TLI1069-tonal","TLI1069","tonal"
"TLI1070-FALSE","TLI1070","FALSE"
"TLI1070-?","TLI1070","?"
"TLI1070-NA","TLI1070","NA"
"TLI1070-TRUE","TLI1070","TRUE"
"TLI1071-TRUE","TLI1071","TRUE"
"TLI1071-?","TLI1071","?"
"TLI1071-NA","TLI1071","NA"
"TLI1071-FALSE","TLI1071","FALSE"
"TLI1072-TRUE","TLI1072","TRUE"
"TLI1072-?","TLI1072","?"
"TLI1072-NA","TLI1072","NA"
"TLI1072-FALSE","TLI1072","FALSE"
"TLI1073-TRUE","TLI1073","TRUE"
"TLI1073-?","TLI1073","?"
"TLI1073-NA","TLI1073","NA"
"TLI1073-FALSE","TLI1073","FALSE"
"TLI1074-FALSE","TLI1074","FALSE"
"TLI1074-?","TLI1074","?"
"TLI1074-NA","TLI1074","NA"
"TLI1074-TRUE","TLI1074","TRUE"
"TLI1075-FALSE","TLI1075","FALSE"
"TLI1075-?","TLI1075","?"
"TLI1075-TRUE","TLI1075","TRUE"
"TLI1075-NA","TLI1075","NA"
"TLI1076-NA","TLI1076","NA"
"TLI1076-?","TLI1076","?"
"TLI1076-suffix","TLI1076","suffix"
"TLI1076-prefix","TLI1076","prefix"
"TLI1077-?","TLI1077","?"
"TLI1077-S=Atr≠P","TLI1077","S=Atr≠P"
"TLI1077-S=Atr=P","TLI1077","S=Atr=P"
"TLI1077-S=P≠Atr","TLI1077","S=P≠Atr"
"TLI1077-S≠Atr≠P","TLI1077","S≠Atr≠P"
"TLI1078-?","TLI1078","?"
"TLI1078-P=T=G","TLI1078","P=T=G"
"TLI1078-P=T≠G","TLI1078","P=T≠G"
"TLI1078-T≠P=G","TLI1078","T≠P=G"
"TLI1078-T≠P≠G","TLI1078","T≠P≠G"
"TLI1079-?","TLI1079","?"
"TLI1079-none","TLI1079","none"
"TLI1079-lex-based","TLI1079","lex-based"
"TLI1079-cat-based","TLI1079","cat-based"
"TLI1080-?","TLI1080","?"
"TLI1080-none","TLI1080","none"
"TLI1080-cat-based","TLI1080","cat-based"
"TLI1080-lex-based","TLI1080","lex-based"
"TLI1081-?","TLI1081","?"
"TLI1081-Indirect-object construction","TLI1081","Indirect-object construction"
"TLI1081-Secondary-object construction","TLI1081","Secondary-object construction"
"TLI1081-Double-object construction","TLI1081","Double-object construction"
"TLI1082-?","TLI1082","?"
"TLI1082-5","TLI1082","5"
"TLI1082-6","TLI1082","6"
"TLI1082-4","TLI1082","4"
"TLI1082-3","TLI1082","3"
"TLI1083-?","TLI1083","?"
"TLI1083-affective meanings","TLI1083","affective meanings"
"TLI1083-logical meanings","TLI1083","logical meanings"
"TLI1084-?","TLI1084","?"
"TLI1084-Dedicated","TLI1084","Dedicated"
"TLI1084-Generic-noun-based","TLI1084","Generic-noun-based"
"TLI1084-Interrogative-based","TLI1084","Interrogative-based"
"TLI1084-Existential construction","TLI1084","Existential construction"
"TLI1085-genitive-noun","TLI1085","genitive-noun"
"TLI1085-?","TLI1085","?"
"TLI1085-noun-genitive","TLI1085","noun-genitive"
"TLI1087-?","TLI1087","?"
"TLI1087-Degree word-Adjective","TLI1087","Degree word-Adjective"
"TLI1087-Adjective-Degree word","TLI1087","Adjective-Degree word"
"TLI1088-?","TLI1088","?"
"TLI1088-initial","TLI1088","initial"
"TLI1088-not initial","TLI1088","not initial"
"TLI1089-?","TLI1089","?"
"TLI1089-NA","TLI1089","NA"
"TLI1089-verbal affix or clitic","TLI1089","verbal affix or clitic"
"TLI1089-separate particle","TLI1089","separate particle"
"TLI1089-part of the tense system","TLI1089","part of the tense system"
"TLI1089-modal morpheme","TLI1089","modal morpheme"
"TLI1090-FALSE","TLI1090","FALSE"
"TLI1090-?","TLI1090","?"
"TLI1090-TRUE","TLI1090","TRUE"
"TLI1091-?","TLI1091","?"
"TLI1091-sov","TLI1091","sov"
"TLI1091-svo","TLI1091","svo"
"TLI1091-vso","TLI1091","vso"
"TLI1091-word order free","TLI1091","word order free"
"TLI1091-vos","TLI1091","vos"
"TLI1091-ovs","TLI1091","ovs"
"TLI1091-osv","TLI1091","osv"
"TLI1092-?","TLI1092","?"
"TLI1092-FALSE","TLI1092","FALSE"
"TLI1092-TRUE","TLI1092","TRUE"
"TLI1093-?","TLI1093","?"
"TLI1093-FALSE","TLI1093","FALSE"
"TLI1093-TRUE","TLI1093","TRUE"
"TLI1094-?","TLI1094","?"
"TLI1094-TRUE","TLI1094","TRUE"
"TLI1094-FALSE","TLI1094","FALSE"
"TLI1096-?","TLI1096","?"
"TLI1096-FALSE","TLI1096","FALSE"
"TLI1096-TRUE","TLI1096","TRUE"
"TLI1097-?","TLI1097","?"
"TLI1097-FALSE","TLI1097","FALSE"
"TLI1097-TRUE","TLI1097","TRUE"
"TLI1098-TRUE","TLI1098","TRUE"
"TLI1098-?","TLI1098","?"
"TLI1098-FALSE","TLI1098","FALSE"
"TLI1099-?","TLI1099","?"
"TLI1099-FALSE","TLI1099","FALSE"
"TLI1099-TRUE","TLI1099","TRUE"
"TLI1100-?","TLI1100","?"
"TLI1100-FALSE","TLI1100","FALSE"
"TLI1100-TRUE","TLI1100","TRUE"
"TLI1101-?","TLI1101","?"
"TLI1101-TRUE","TLI1101","TRUE"
"TLI1101-FALSE","TLI1101","FALSE"
"TLI1101-NA","TLI1101","NA"
"TLI1102-?","TLI1102","?"
"TLI1102-TRUE","TLI1102","TRUE"
"TLI1102-FALSE","TLI1102","FALSE"
"TLI1102-NA","TLI1102","NA"
"TLI1103-FALSE","TLI1103","FALSE"
"TLI1103-?","TLI1103","?"
"TLI1103-TRUE","TLI1103","TRUE"
"TLI1104-TRUE","TLI1104","TRUE"
"TLI1104-?","TLI1104","?"
"TLI1104-FALSE","TLI1104","FALSE"
"TLI1105-?","TLI1105","?"
"TLI1105-TRUE","TLI1105","TRUE"
"TLI1105-FALSE","TLI1105","FALSE"
"TLI1106-?","TLI1106","?"
"TLI1106-not predictable","TLI1106","not predictable"
"TLI1106-left-leaning","TLI1106","left-leaning"
"TLI1106-unbounded","TLI1106","unbounded"
"TLI1106-right-leaning","TLI1106","right-leaning"
"TLI1107-FALSE","TLI1107","FALSE"
"TLI1107-?","TLI1107","?"
"TLI1107-TRUE","TLI1107","TRUE"
"TLI1109-?","TLI1109","?"
"TLI1109-NA","TLI1109","NA"
"TLI1109-TRUE","TLI1109","TRUE"
"TLI1109-FALSE","TLI1109","FALSE"
"TLI1110-?","TLI1110","?"
"TLI1110-NA","TLI1110","NA"
"TLI1110-FALSE","TLI1110","FALSE"
"TLI1110-TRUE","TLI1110","TRUE"
"TLI1111-?","TLI1111","?"
"TLI1111-null","TLI1111","null"
"TLI1111-dependent","TLI1111","dependent"
"TLI1111-head","TLI1111","head"
"TLI1112-?","TLI1112","?"
"TLI1112-BarkAndSkin","TLI1112","BarkAndSkin"
"TLI1112-TreeInBark","TLI1112","TreeInBark"
"TLI1112-Neither","TLI1112","Neither"
"TLI1113-neither","TLI1113","neither"
"TLI1113-?","TLI1113","?"
"TLI1113-alveolar approximants","TLI1113","alveolar approximants"
"TLI1113-uvular trills","TLI1113","uvular trills"
"TLI1115-?","TLI1115","?"
"TLI1115-N","TLI1115","N"
"TLI1115-NA","TLI1115","NA"
"TLI1115-M","TLI1115","M"
"TLI1116-?","TLI1116","?"
"TLI1116-NA","TLI1116","NA"
"TLI1116-M","TLI1116","M"
"TLI1116-N","TLI1116","N"
"TLI1116-T","TLI1116","T"
"TLI1117-?","TLI1117","?"
"TLI1117-NA","TLI1117","NA"
"TLI1117-TRUE","TLI1117","TRUE"
"TLI1117-FALSE","TLI1117","FALSE"
"TLI1118-?","TLI1118","?"
"TLI1118-NA","TLI1118","NA"
"TLI1118-TRUE","TLI1118","TRUE"
"TLI1118-FALSE","TLI1118","FALSE"
