"original.names","new.name","description","original.variables","design.logical","design.logical.statistical","modification.IDs","associated.modification.IDs.without.resulting.action","known.remaining.dependencies.after.statistical.treatment","networks.of.dependencies","recode.operation.type","condition.human.readable","condition.if.variable.conditioned","recode.operation.Rcode","original.levels","new.levels","recode.pattern"
"GB020","GB020c","Are there definite or specific articles, if there are articles at all?",FALSE,TRUE,TRUE,"L-ART-2","S-ART-1","","","recode group 5 (simple conditioning)","if articles present","GB550m == 1","","","",""
"GB021","GB021c","Do indefinite nominals commonly have indefinite articles, if there are articles at all?",FALSE,TRUE,TRUE,"L-ART-3","S-ART-1","","","recode group 5 (simple conditioning)","if articles present","GB550m == 1","","","",""
"GB022","GB022c","Are there prenominal articles, if there are articles at all?",FALSE,TRUE,TRUE,"L-ART-4","S-ART-2","S-ART-2","word order","recode group 5 (simple conditioning)","if articles present","GB550m == 1","","","",""
"GB023","GB023c","Are there postnominal articles, if there are articles at all?",FALSE,TRUE,TRUE,"L-ART-5","S-ART-2","S-ART-2","word order","recode group 5 (simple conditioning)","if articles present","GB550m == 1","","","",""
"GB024","GB024e","What is the order of numeral and noun in the NP (excluding the intermediate/mixed state)?",FALSE,TRUE,TRUE,"D-WOO-1","S-WOO-03-O;S-WOO-03-C","S-WOO-03-C","word order","recode group 1 (simple recode)","none","","","1 1;2 2;3 3;4 ?","1;2;NA;?","1-2-3-4"
"GB026","GB026","Can adnominal property words occur discontinuously?",TRUE,TRUE,TRUE,"","S-ATT-2;S-ATT-3-O;S-ATT-3-C;S-ATT-4","S-ATT-4;S-ATT-2;S-ATT-3-C","isolating/affixing","include without modification","none","","","","",""
"GB027","GB027","Are nominal conjunction and comitative expressed by different elements?",TRUE,TRUE,TRUE,"","","","","include without modification","none","","","","",""
"GB028","GB028","Is there a distinction between inclusive and exclusive?",TRUE,TRUE,TRUE,"","","","","include without modification","none","","","","",""
"GB030","GB030","Is there a gender distinction in independent 3rd person pronouns?",TRUE,TRUE,TRUE,"","S-PRO-GEN-1;S-PRO-GEN-2;S-GEN-1-O;S-GEN-1-C","S-GEN-1-C","","include without modification","none","","","","",""
"GB031","GB031","Is there a dual or unit augmented form (in addition to plural or augmented) for all person categories in the pronoun system?",TRUE,TRUE,TRUE,"","S-NUM-04-C","S-NUM-04-C","","include without modification","none","","","","",""
"GB035","GB035","Are there three or more distance contrasts in demonstratives?",TRUE,TRUE,TRUE,"","S-DEM-1;S-DEM-2","S-DEM-2","","include without modification","none","","","","",""
"GB036","GB036","Do demonstratives show an elevation distinction?",TRUE,TRUE,TRUE,"","S-DEM-1","","","include without modification","none","","","","",""
"GB037","GB037","Do demonstratives show a visible-nonvisible distinction?",TRUE,TRUE,TRUE,"","S-DEM-2","S-DEM-2","","include without modification","none","","","","",""
"GB038","GB038c","Are there demonstrative classifiers, if there are classifiers at all?",FALSE,TRUE,TRUE,"L-CLA-2","S-CLA-1","","","recode group 5 (simple conditioning)","if classifiers present","GB552m == 1","","","",""
"GB039","GB039c","Is there nonphonological allomorphy of noun number markers, if there is number marking within NPs at all?",FALSE,TRUE,TRUE,"L-NUM-09","S-NUM-GEN-1-O;S-NUM-GEN-1-C","S-NUM-GEN-1-C","","recode group 5 (simple conditioning)","if number marking of NPs present","GB945m == 1","","","",""
"GB041","GB041c","Are there several nouns (more than three) which are suppletive for number, if there is number marking within NPs at all?",FALSE,TRUE,TRUE,"L-NUM-10","","","","recode group 5 (simple conditioning)","if number marking of NPs present","GB945m == 1","","","",""
"GB046","GB046C","Is there an associative plural marker for nouns, if there is number marking within NPs at all?",FALSE,FALSE,TRUE,"S-NUM-10","","","","recode group 5 (simple conditioning)","if number marking of NPs present","GB945m == 1","","","",""
"GB047","GB047","Is there a productive morphological pattern for deriving an action/state noun from a verb?",TRUE,TRUE,TRUE,"","S-VBL-3;S-VBL-2-O;S-VBL-2-C","S-VBL-3;S-VBL-2-C","","include without modification","none","","","","",""
"GB048","GB048","Is there a productive morphological pattern for deriving an agent noun from a verb?",TRUE,TRUE,TRUE,"","S-VBL-3;S-VBL-1","S-VBL-3","","include without modification","none","","","","",""
"GB049","GB049C","Is there a productive morphological pattern for deriving an object noun from a verb, if there is a productive morphological pattern for deriving an agent noun from a verb?",FALSE,FALSE,TRUE,"S-VBL-1","S-VBL-2-C","S-VBL-2-C","","recode group 5 (simple conditioning)","if there is a productive morphological pattern for deriving an agent noun from a verb","GB048 == 1","","","",""
"GB051","GB051c","Is there a gender/noun class system where sex is a factor in class assignment, if there is a gender/noun class system at all?",FALSE,TRUE,TRUE,"L-GEN-02","","","nominal classification factors","recode group 5 (simple conditioning)","if gender/noun class system present","GB551m == 1","","","",""
"GB052","GB052c","Is there a gender/noun class system where shape is a factor in class assignment, if there is a gender/noun class system at all?",FALSE,TRUE,TRUE,"L-GEN-03","","","nominal classification factors","recode group 5 (simple conditioning)","if gender/noun class system present","GB551m == 1","","","",""
"GB053","GB053c","Is there a gender/noun class system where animacy is a factor in class assignment, if there is a gender/noun class system at all?",FALSE,TRUE,TRUE,"L-GEN-04","","","nominal classification factors","recode group 5 (simple conditioning)","if gender/noun class system present","GB551m == 1","","","",""
"GB054","GB054c","Is there a gender/noun class system where plant status is a factor in class assignment, if there is a gender/noun class system at all?",FALSE,TRUE,TRUE,"L-GEN-05","","","nominal classification factors","recode group 5 (simple conditioning)","if gender/noun class system present","GB551m == 1","","","",""
"GB057","GB057c","Are there numeral classifiers, if there are classifiers at all?",FALSE,TRUE,TRUE,"L-CLA-3","S-CLA-1","","","recode group 5 (simple conditioning)","if classifiers present","GB552m == 1","","","",""
"GB058","GB058C","Are there possessive classifiers, if the adnominal possessive construction is different for alienable and inalienable nouns?",FALSE,FALSE,TRUE,"S-POS-7","S-POS-6-C","","possession","recode group 5 (simple conditioning)","if alienable/inalienable distinction present","GB059 == 1","","","",""
"GB059","GB059","Is the adnominal possessive construction different for alienable and inalienable nouns?",TRUE,TRUE,TRUE,"","S-POS-3-O;S-POS-7;S-POS-3-C;S-POS-8-O;S-POS-8-C","S-POS-8-C","possession","include without modification","none","","","","",""
"GB065","GB065e","What is the pragmatically unmarked order of adnominal possessor noun and possessed noun (excluding the intermediate/mixed state)?",FALSE,TRUE,TRUE,"D-WOO-3","","","word order","recode group 1 (simple recode)","none","","","1 1;2 2;3 3;4 ?","1;2;NA;?","1-2-3-4"
"GB068","GB068","Do core adjectives (defined semantically as property concepts such as value, shape, age, dimension) act like verbs in predicative position?",TRUE,TRUE,TRUE,"","S-ATT-1","S-ATT-1","","include without modification","none","","","","",""
"GB069","GB069","Do core adjectives (defined semantically as property concepts; value, shape, age, dimension) used attributively require the same morphological treatment as verbs?",TRUE,TRUE,TRUE,"","S-ATT-1","S-ATT-1","","include without modification","none","","","","",""
"GB074","GB074c","Are there prepositions, if there are adpositions at all?",FALSE,TRUE,TRUE,"L-ADP-2","S-ADP-1;S-WOO-09;S-WOO-12","S-WOO-09;S-ADP-1;S-WOO-12","word order","recode group 5 (simple conditioning)","if adpositions present","GB563m == 1","","","",""
"GB075","GB075c","Are there postpositions, if there are adpositions at all?",FALSE,TRUE,TRUE,"L-ADP-3","S-ADP-1;S-WOO-07;S-WOO-10;S-WOO-13","S-ADP-1","word order","recode group 5 (simple conditioning)","if adpositions present","GB563m == 1","","","",""
"GB081","GB081","Is there productive infixation in verbs?",TRUE,TRUE,TRUE,"","S-SAP-04","","isolating/affixing","include without modification","none","","","","",""
"GB082","GB082cC","Is there overt morphological marking of present tense on verbs, if there is morphological tense marking on the verb at all and if there is overt morphological marking on the verb dedicated to past tense?",FALSE,FALSE,TRUE,"S-TAM-2","","","","recode group 8 (multiple conditioning [conditioned variable])","if overt morphological tense marking present and if overt morphological past tense marking present","GB580mcc == 1 & GB083c == 1","","","",""
"GB083","GB083c","Is there overt morphological marking on the verb dedicated to past tense, if there is morphological tense marking on the verb at all?",FALSE,TRUE,TRUE,"L-TAM-10","S-TAM-2;S-TAM-3","S-TAM-3","","recode group 7 (simple conditioning [conditioned variable])","if overt morphological tense marking present","GB580mcc == 1","","","",""
"GB084","GB084c","Is there overt morphological marking on the verb dedicated to future tense, if there is morphological tense marking on the verb at all?",FALSE,TRUE,TRUE,"L-TAM-11","S-TAM-3","S-TAM-3","","recode group 7 (simple conditioning [conditioned variable])","if overt morphological tense marking present","GB580mcc == 1","","","",""
"GB095","GB095C","Are variations in marking strategies of core participants based on TAM distinctions, if there is morphological TAM-marking at all?",FALSE,FALSE,TRUE,"S-SAP-11","S-SAP-01b-C;S-SAP-01a-C","S-SAP-01a-C;S-SAP-01b-C","alignment","recode group 5 (simple conditioning)","if morphological TAM-marking present","GB777drm == 1","","","",""
"GB096","GB096C","Are variations in marking strategies of core participants based on verb classes, if there is affixal/clitic SAP-indexing at all (conditioned on morphologcial TAM)?",FALSE,FALSE,TRUE,"S-SAP-12-C","S-SAP-01c-C;S-SAP-01a-C","S-SAP-01a-C;S-SAP-01c-C","alignment","recode group 5 (simple conditioning)","if any SAP arguments indexed on the verb in the simple main clause at all (conditioned on TAM)","GB625mC == 1","","","",""
"GB098","GB098C","Are variations in marking strategies of core participants based on person distinctions, if there is affixal/clitic SAP-indexing at all (conditioned on morphologcial TAM)?",FALSE,FALSE,TRUE,"S-SAP-13-C","S-SAP-01b-C;S-SAP-01c-C","S-SAP-01b-C;S-SAP-01c-C","alignment","recode group 5 (simple conditioning)","if any SAP arguments indexed on the verb in the simple main clause at all (conditioned on TAM)","GB625mC == 1","","","",""
"GB099","GB099","Can verb stems alter according to the person of a core participant?",TRUE,TRUE,TRUE,"","S-SAP-06-O;S-SAP-06-C","","","include without modification","none","","","","",""
"GB103","GB103","Is there a benefactive applicative marker on the verb (including indexing)?",TRUE,TRUE,TRUE,"","S-APP-1;S-APP-2;S-APP-4;S-APP-7a-O;S-APP-7a-C;S-APP-7b-O;S-APP-7b-C","S-APP-1;S-APP-4;S-APP-2;S-APP-7b-C","isolating/affixing","include without modification","none","","","","",""
"GB104","GB104","Is there an instrumental applicative marker on the verb (including indexing)?",TRUE,TRUE,TRUE,"","S-APP-1;S-APP-5;S-APP-8-O;S-APP-8-C","S-APP-1","isolating/affixing","include without modification","none","","","","",""
"GB105","GB105","Can the recipient in a ditransitive construction be marked like the monotransitive patient?",TRUE,TRUE,TRUE,"","","","alignment","include without modification","none","","","","",""
"GB107","GB107C","Can standard negation be marked by an affix, clitic or modification of the verb, if there is morphological TAM-marking at all?",FALSE,FALSE,TRUE,"S-NEG-TAM-2","S-NEG-1b;S-NEG-1a","S-NEG-1a","negation","recode group 5 (simple conditioning)","if morphological TAM-marking present","GB777drm == 1","","","",""
"GB108","GB108","Is there directional or locative morphological marking on verbs?",TRUE,TRUE,TRUE,"","S-APP-2;S-APP-3;S-APP-6-O;S-APP-6-C","S-APP-3;S-APP-2","isolating/affixing","include without modification","none","","","","",""
"GB109","GB109C","Is there verb suppletion for participant number, if there is affixal/clitic SAP-indexing at all (conditioned on morphologcial TAM)?",FALSE,FALSE,TRUE,"S-SAP-07-C","","","","recode group 5 (simple conditioning)","if any SAP arguments indexed on the verb in the simple main clause at all (conditioned on TAM)","GB625mC == 1","","","",""
"GB110","GB110cC","Is there verb suppletion for tense or aspect, if there is tense and/or aspect at all and if there is morphological TAM-marking?",FALSE,FALSE,TRUE,"S-SAP-17","S-SUP-1-C;S-SUP-2-C;S-SUP-3-C","S-SUP-1-C;S-SUP-3-C","","recode group 6 (multiple conditioning)","if tense and/or aspect marking present and if any TAM can be morphologically marked on the verb","GB589m == 1 & GB777drm == 1","","","",""
"GB111","GB111C","Are there conjugation classes, if there is morphological SAP and/or TAM-marking at all?",FALSE,FALSE,TRUE,"S-SAP-08","","","","recode group 5 (simple conditioning)","if morphological SAP and/or TAM-marking present","GB770m == 1","","","",""
"GB113","GB113","Are there verbal affixes or clitics that turn intransitive verbs into transitive ones?",TRUE,TRUE,TRUE,"","S-CST-1;S-APP-5;S-APP-4;S-APP-3","S-APP-4;S-APP-3","isolating/affixing","include without modification","none","","","","",""
"GB116","GB116","Do verbs classify the shape, size or consistency of absolutive arguments by means of incorporated nouns, verbal affixes or suppletive verb stems?",TRUE,TRUE,TRUE,"","","","isolating/affixing","include without modification","none","","","","",""
"GB117","GB117","Is there a copula for predicate nominals?",TRUE,TRUE,TRUE,"","S-NEG-3;S-COP-01","S-COP-01","","include without modification","none","","","","",""
"GB118","GB118","Are there serial verb constructions?",TRUE,TRUE,TRUE,"","S-CLU-1;S-CPD-1","S-CLU-1","","include without modification","none","","","","",""
"GB122","GB122","Is verb compounding a regular process?",TRUE,TRUE,TRUE,"","S-CPD-1;S-CPD-3","","","include without modification","none","","","","",""
"GB123","GB123","Are there verb-adjunct (aka light-verb) constructions?",TRUE,TRUE,TRUE,"","S-VBL-4","S-VBL-4","","include without modification","none","","","","",""
"GB124","GB124","Is incorporation of nouns into verbs a productive intransitivizing process?",TRUE,TRUE,TRUE,"","S-CPD-4","","isolating/affixing","include without modification","none","","","","",""
"GB126","GB126","Is there an existential verb?",TRUE,TRUE,TRUE,"","","","","include without modification","none","","","","",""
"GB127","GB127","Are different posture verbs used obligatorily depending on an inanimate locatum's shape or position (e.g. 'to lie' vs. 'to stand')?",TRUE,TRUE,TRUE,"","","","","include without modification","none","","","","",""
"GB129","GB129","Is there a notably small number, i.e. about 100 or less, of verb roots in the language?",TRUE,TRUE,TRUE,"","S-VBL-4","S-VBL-4","","include without modification","none","","","","",""
"GB130","GB130e","What is the pragmatically unmarked order of S and V in intransitive clauses (excluding the intermediate/mixed state)?",FALSE,TRUE,TRUE,"D-WOO-6","S-WOO-06c-O;S-WOO-06b;S-WOO-06c-C;S-WOO-06a","S-WOO-06a;S-WOO-06b;S-WOO-06c-C","word order","recode group 1 (simple recode)","none","","","1 1;2 2;3 3;4 ?","1;2;NA;?","1-2-3-4"
"GB131","GB131","Is a pragmatically unmarked constituent order verb-initial for transitive clauses?",TRUE,TRUE,TRUE,"","S-WOO-02a;S-WOO-02b-O;S-WOO-06a;S-WOO-08-O;S-WOO-09;S-WOO-11-O;S-POL-WOO-1;S-POL-WOO-2;S-WOO-14;S-WOO-08-C;S-WOO-02b-C;S-WOO-11-C;S-COP-01","S-WOO-14;S-WOO-09;S-WOO-02a;S-WOO-02b-C;S-COP-01;S-WOO-11-C;S-WOO-06a","word order","include without modification","none","","","","",""
"GB132","GB132","Is a pragmatically unmarked constituent order verb-medial for transitive clauses?",TRUE,TRUE,TRUE,"","S-WOO-02a;S-WOO-02c-O;S-WOO-06b;S-WOO-02c-C","S-WOO-02a;S-WOO-02c-C;S-WOO-06b","word order","include without modification","none","","","","",""
"GB133","GB133C","Is a pragmatically unmarked constituent order verb-final for transitive clauses, if postpositions are present?",FALSE,FALSE,TRUE,"S-WOO-10","S-WOO-02c-C;S-WOO-02b-C;S-WOO-11-C;S-WOO-SAP-1-C;S-WOO-06c-C","S-WOO-02b-C;S-WOO-11-C;S-WOO-02c-C;S-WOO-06c-C","word order","recode group 7 (simple conditioning [conditioned variable])","if postpositions present","GB075c == 1","","","",""
"GB134","GB134","Is the order of constituents the same in main and subordinate clauses?",TRUE,TRUE,TRUE,"","","","","include without modification","none","","","","",""
"GB135","GB135","Do clausal objects usually occur in the same position as nominal objects?",TRUE,TRUE,TRUE,"","","","","include without modification","none","","","","",""
"GB136","GB136","Is the order of core argument (i.e. S/A/P) constituents fixed?",TRUE,TRUE,TRUE,"","","","","include without modification","none","","","","",""
"GB137","GB137","Can standard negation be marked clause-finally?",TRUE,TRUE,TRUE,"","S-NEG-2","S-NEG-2","negation;word order","include without modification","none","","","","",""
"GB138","GB138","Can standard negation be marked clause-initially?",TRUE,TRUE,TRUE,"","S-NEG-2;S-WOO-14","S-WOO-14;S-NEG-2","negation;word order","include without modification","none","","","","",""
"GB139","GB139","Is there a difference between imperative (prohibitive) and declarative negation constructions?",TRUE,TRUE,TRUE,"","S-NEG-TAM-1","","negation","include without modification","none","","","","",""
"GB140","GB140","Is verbal predication marked by the same negator as all of the following types of predication: locational, existential and nominal?",TRUE,TRUE,TRUE,"","S-NEG-3","","negation","include without modification","none","","","","",""
"GB146","GB146","Is there a morpho-syntactic distinction between predicates expressing controlled versus uncontrolled events or states?",TRUE,TRUE,TRUE,"","S-SAP-15","","","include without modification","none","","","","",""
"GB147","GB147c","Is there a morphological passive marked on the lexical verb, if there is passive voice at all?",FALSE,TRUE,TRUE,"L-PAS-2","S-PAS-1","S-PAS-1","isolating/affixing","recode group 5 (simple conditioning)","if passive voice present","GB555m == 1","","","",""
"GB149","GB149C","Is there a morphologically marked inverse on verbs, if there is affixal/clitic SAP-indexing at all (conditioned on morphologcial TAM)?",FALSE,FALSE,TRUE,"S-SAP-14-C","","","","recode group 5 (simple conditioning)","if any SAP arguments indexed on the verb in the simple main clause at all (conditioned on TAM)","GB625mC == 1","","","",""
"GB150","GB150","Is there clause chaining?",TRUE,TRUE,TRUE,"","S-CLU-1","S-CLU-1","","include without modification","none","","","","",""
"GB151","GB151","Is there an overt verb marker dedicated to signalling coreference or noncoreference between the subject of one clause and an argument of an adjacent clause (""switch reference"")?",TRUE,TRUE,TRUE,"","S-SAP-18-O;S-SAP-18-C;S-SAP-16","","isolating/affixing","include without modification","none","","","","",""
"GB152","GB152","Is there a morphologically marked distinction between simultaneous and sequential clauses?",TRUE,TRUE,TRUE,"","","","","include without modification","none","","","","",""
"GB155","GB155C","Are causatives formed by affixes or clitics on verbs, if there are verbal affixes or clitics that turn intransitive verbs into transitive ones?",FALSE,FALSE,TRUE,"S-CST-1","S-APP-6-C;S-APP-7a-C;S-APP-7b-C;S-APP-8-C","S-APP-7b-C","","recode group 5 (simple conditioning)","if there are verbal affixes or clitics that turn intransitive verbs into transitive ones","GB113 == 1","","","",""
"GB156","GB156","Is there a causative construction involving an element that is unmistakably grammaticalized from a verb for 'to say'?",TRUE,TRUE,TRUE,"","","","","include without modification","none","","","","",""
"GB158","GB158","Are verbs reduplicated?",TRUE,TRUE,TRUE,"","","","","include without modification","none","","","","",""
"GB159","GB159","Are nouns reduplicated?",TRUE,TRUE,TRUE,"","","","","include without modification","none","","","","",""
"GB167","GB167","Is there a logophoric pronoun?",TRUE,TRUE,TRUE,"","","","","include without modification","none","","","","",""
"GB177","GB177","Can the verb carry a marker of animacy of argument, unrelated to any gender/noun class of the argument visible in the NP domain?",TRUE,TRUE,TRUE,"","S-SAP-05-O;S-SAP-05-C","","isolating/affixing","include without modification","none","","","","",""
"GB192","GB192c","Is there a gender system where a noun's phonological properties are a factor in class assignment, if there is a gender/noun class system at all?",FALSE,TRUE,TRUE,"L-GEN-09","","","nominal classification factors","recode group 5 (simple conditioning)","if gender/noun class system present","GB551m == 1","","","",""
"GB196","GB196C","Is there a male/female distinction in 2nd person independent pronouns, if there is a gender distinction in independent 3rd person pronouns?",FALSE,FALSE,TRUE,"S-PRO-GEN-1","S-PRO-GEN-3","S-PRO-GEN-3","","recode group 5 (simple conditioning)","if there is a gender distinction in independent 3rd person pronouns","GB030 == 1","","","",""
"GB197","GB197C","Is there a male/female distinction in 1st person independent pronouns, if there is a gender distinction in independent 3rd person pronouns?",FALSE,FALSE,TRUE,"S-PRO-GEN-2","S-PRO-GEN-3","S-PRO-GEN-3","","recode group 7 (simple conditioning [conditioned variable])","if there is a gender distinction in independent 3rd person pronouns","GB030 == 1","","","",""
"GB198","GB198c","Can an adnominal numeral agree with the noun in gender/noun class, if NP elements can agree with the noun in gender/noun class at all?",FALSE,TRUE,TRUE,"L-AGR-GEN-2","","","","recode group 5 (simple conditioning)","if NP element agreement with noun in gender/noun class present","GB560drmc == 1","","","",""
"GB203","GB203e","What is the order of the adnominal collective universal quantifier (""all"") and the noun (excluding the intermediate/mixed state)?",FALSE,TRUE,TRUE,"D-WOO-5","","","word order","recode group 1 (simple recode)","none","","","1 1;2 2;3 3;4 0;5 ?","1;2;NA;?","1-2-3/4-5"
"GB204","GB204","Do collective ('all') and distributive ('every') universal quantifiers differ in their forms or their syntactic positions?",TRUE,TRUE,TRUE,"","","","","include without modification","none","","","","",""
"GB250","GB250","Can predicative possession be expressed with a transitive 'habeo' verb?",TRUE,TRUE,TRUE,"","S-POS-2","S-POS-2","possession","include without modification","none","","","","",""
"GB252&GB253&GB254","GB251m","Can predicative possession be expressed with an oblique-coded possessor at all?",FALSE,TRUE,TRUE,"L-POS-01","L-POS-02;L-POS-03;L-POS-04","","possession","recode group 2 (merge variables - recode via logical arguments)","none","","1 GB252 == ""0"" & GB253 == ""0"" & GB254 == ""0"";2 GB252 == ""1"";3 GB253 == ""1"";4 GB254 == ""1"";5 ((GB252 == ""0"" & GB253 == ""0"" & GB254 == ""0"") | (GB252 == ""1"") | (GB253 == ""1"") | (GB254 == ""1"")) == F","","0;1;?","1-2/3/4-5"
"GB252","GB252c","Can predicative possession be expressed with an S-like possessum and a locative-coded possessor, if predicative possession can be expressed with an oblique-coded possessor at all?",FALSE,TRUE,TRUE,"L-POS-02","S-POS-1a;S-POS-1b;S-POS-CAS-2","S-POS-1a;S-POS-1b","possession","recode group 5 (simple conditioning)","if predicative possession be expressed with an S-like possessum and an oblique-coded possessor","GB251m == 1","","","",""
"GB253","GB253c","Can predicative possession be expressed with an S-like possessum and a dative-coded possessor, if predicative possession can be expressed with an oblique-coded possessor at all?",FALSE,TRUE,TRUE,"L-POS-03","S-POS-1a;S-POS-1c;S-POS-CAS-3","S-POS-1c;S-POS-1a","possession","recode group 5 (simple conditioning)","if predicative possession be expressed with an S-like possessum and an oblique-coded possessor","GB251m == 1","","","",""
"GB254","GB254c","Can predicative possession be expressed with an S-like possessum and a possessor that is coded like an adnominal possessor, if predicative possession can be expressed with an oblique-coded possessor at all?",FALSE,TRUE,TRUE,"L-POS-04","S-POS-1b;S-POS-1c;S-POS-CAS-4","S-POS-1c;S-POS-1b","possession","recode group 5 (simple conditioning)","if predicative possession be expressed with an S-like possessum and an oblique-coded possessor","GB251m == 1","","","",""
"GB256","GB256","Can predicative possession be expressed with an S-like possessor and a possessum that is coded like a comitative argument?",TRUE,TRUE,TRUE,"","S-POS-2","S-POS-2","possession","include without modification","none","","","","",""
"GB257","GB257","Can polar interrogation be marked by intonation only?",TRUE,TRUE,TRUE,"","S-POL-08;S-POL-09;S-POL-10;S-POL-12","S-POL-10;S-POL-12;S-POL-09;S-POL-08","polar interrogation","include without modification","none","","","","",""
"GB260","GB260","Can polar interrogation be indicated by a special word order?",TRUE,TRUE,TRUE,"","S-POL-11;S-POL-12;S-POL-04;S-POL-13","S-POL-04;S-POL-13;S-POL-12;S-POL-11","polar interrogation","include without modification","none","","","","",""
"GB262","GB262c","Is there a clause-initial polar interrogative particle, if there is a polar interrogative particle at all?",FALSE,TRUE,TRUE,"L-POL-7","S-POL-01a;S-POL-01b;S-WOO-12;S-POL-WOO-2","S-POL-01a;S-WOO-12;S-POL-01b","polar interrogation;word order","recode group 5 (simple conditioning)","if polar interrogative particles present","GB950m == 1","","","",""
"GB263","GB263c","Is there a clause-final polar interrogative particle, if there is a polar interrogative particle at all?",FALSE,TRUE,TRUE,"L-POL-8","S-POL-01b;S-POL-01c;S-WOO-13","S-POL-01c;S-POL-01b","polar interrogation;word order","recode group 5 (simple conditioning)","if polar interrogative particles present","GB950m == 1","","","",""
"GB264","GB264c","Is there a polar interrogative particle that most commonly occurs neither clause-initially nor clause-finally, if there is a polar interrogative particle at all?",FALSE,TRUE,TRUE,"L-POL-9","S-POL-01a;S-POL-01c","S-POL-01a;S-POL-01c","polar interrogation;word order","recode group 5 (simple conditioning)","if polar interrogative particles present","GB950m == 1","","","",""
"GB265","GB265","Is there a comparative construction that includes a form that elsewhere means 'surpass, exceed'?",TRUE,TRUE,TRUE,"","S-CPA-1a-O;S-CPA-1a-C;S-CPA-1b;S-CPA-4;S-CPA-7-O;S-CPA-7-C","S-CPA-1b;S-CPA-4;S-CPA-7-C;S-CPA-1a-C","comparatives","include without modification","none","","","","",""
"GB273","GB273","Is there a comparative construction with a standard marker that elsewhere has neither a locational meaning nor a 'surpass/exceed' meaning?",TRUE,TRUE,TRUE,"","S-CPA-1b;S-CPA-1c-O;S-CPA-1c-C;S-CPA-6-O;S-CPA-6-C","S-CPA-1b;S-CPA-6-C;S-CPA-1c-C","comparatives","include without modification","none","","","","",""
"GB285","GB285cc","Can polar interrogation be marked by a question particle and verbal morphology, if there is a polar interrogative particle and if polar interrogation can be marked via segmental verbal morphology at all?",FALSE,TRUE,TRUE,"L-POL-6","S-POL-02","S-POL-02","polar interrogation","recode group 6 (multiple conditioning)","if polar interrogative particles present and if polar ingerrogation can be marked with segmental verbal morphology","GB950m == 1 & GB947mc == 1","","","",""
"GB286","GB286c","Can polar interrogation be indicated by overt verbal morphology only, if polar interrogation can be marked via segmental verbal morphology at all?",FALSE,TRUE,TRUE,"L-POL-4","S-POL-02","S-POL-02","polar interrogation","recode group 5 (simple conditioning)","if polar ingerrogation can be marked with segmental verbal morphology","GB947mc == 1","","","",""
"GB291","GB291c","Can polar interrogation be marked by tone, if polar interrogation can be marked via verbal morphology at all?",FALSE,TRUE,TRUE,"L-POL-5","S-POL-05","S-POL-05","polar interrogation","recode group 5 (simple conditioning)","if polar interrogation be marked via verbal morphology (segmental or tonal) at all","GB949m == 1","","","",""
"GB296","GB296","Is there a phonologically or morphosyntactically definable class of ideophones that includes ideophones depicting imagery beyond sound?",TRUE,TRUE,TRUE,"","","","","include without modification","none","","","","",""
"GB297","GB297","Can polar interrogation be indicated by a V-not-V construction?",TRUE,TRUE,TRUE,"","S-POL-06;S-POL-08;S-POL-04;S-POL-07","S-POL-04;S-POL-07;S-POL-08;S-POL-06","polar interrogation","include without modification","none","","","","",""
"GB298","GB298","Can standard negation be marked by an inflecting word (""auxiliary verb"")?",TRUE,TRUE,TRUE,"","S-NEG-1c;S-NEG-1a","S-NEG-1c;S-NEG-1a","negation","include without modification","none","","","","",""
"GB299","GB299","Can standard negation be marked by a non-inflecting word (""particle"")?",TRUE,TRUE,TRUE,"","S-NEG-1c;S-NEG-1b","S-NEG-1c","negation","include without modification","none","","","","",""
"GB300","GB300","Does the verb for 'give' have suppletive verb forms?",TRUE,TRUE,TRUE,"","S-SUP-1-C","S-SUP-1-C","","include without modification","none","","","","",""
"GB301","GB301","Is there an inclusory construction?",TRUE,TRUE,TRUE,"","","","","include without modification","none","","","","",""
"GB302","GB302c","Is there a phonologically free passive marker (""particle"" or ""auxiliary""), if there is passive voice at all?",FALSE,TRUE,TRUE,"L-PAS-3","S-PAS-1","S-PAS-1","isolating/affixing","recode group 5 (simple conditioning)","if passive voice present","GB555m == 1","","","",""
"GB304","GB304c","Can the agent be expressed overtly in a passive clause, if there is passive voice at all?",FALSE,TRUE,TRUE,"L-PAS-4","","","","recode group 5 (simple conditioning)","if passive voice present","GB555m == 1","","","",""
"GB309","GB309c","Are there multiple past or multiple future tenses, distinguishing distance from Time of Reference, if there is tense at all?",FALSE,TRUE,TRUE,"L-TAM-15","","","","recode group 5 (simple conditioning)","if tense marking present","GB557drm == 1","","","",""
"GB313","GB313","Are there special adnominal possessive pronouns that are not formed by an otherwise regular process?",TRUE,TRUE,TRUE,"","S-PRO-CAS-1","","","include without modification","none","","","","",""
"GB321","GB321c","Is there a large class of nouns whose gender/noun class is not phonologically or semantically predictable, if there is a gender/noun class system at all?",FALSE,TRUE,TRUE,"L-GEN-08","","","nominal classification factors","recode group 5 (simple conditioning)","if gender/noun class system present","GB551m == 1","","","",""
"GB322","GB322c","Is there grammatical marking of direct evidence (perceived with the senses), if there is grammatical marking of evidence at all?",FALSE,TRUE,TRUE,"L-TAM-05","S-TAM-1","S-TAM-1","","recode group 5 (simple conditioning)","if grammatical marking of evidence present","GB595m == 1","","","",""
"GB323","GB323c","Is there grammatical marking of indirect evidence (hearsay, inference, etc.), if there is grammatical marking of evidence at all?",FALSE,TRUE,TRUE,"L-TAM-06","S-TAM-1","S-TAM-1","","recode group 5 (simple conditioning)","if grammatical marking of evidence present","GB595m == 1","","","",""
"GB324","GB324","Is there an interrogative verb for content interrogatives (who?, what?, etc.)?",TRUE,TRUE,TRUE,"","","","","include without modification","none","","","","",""
"GB325","GB325","Is there a count/mass distinction in interrogative quantifiers?",TRUE,TRUE,TRUE,"","","","","include without modification","none","","","","",""
"GB326","GB326","Do (nominal) content interrogatives normally or frequently occur in situ?",TRUE,TRUE,TRUE,"","","","","include without modification","none","","","","",""
"GB327","GB327","Can the relative clause follow the noun?",TRUE,TRUE,TRUE,"","S-REL-1;S-REL-5;S-WOO-01-O;S-WOO-01-C","","relative clauses;word order","include without modification","none","","","","",""
"GB329","GB329c","Are there internally-headed relative clauses, if there are relative clauses headed by an internal NP at all?",FALSE,TRUE,TRUE,"L-REL-2","S-REL-2;S-REL-4a-O;S-REL-4b;S-REL-4a-C","S-REL-4a-C;S-REL-2","relative clauses","recode group 5 (simple conditioning)","if relative clauses can be headed by an internal NP, whether or not they require a pronoun in the main clause","GB606m == 1","","","",""
"GB330","GB330c","Are there correlative relative clauses, if there are relative clauses headed by an internal NP at all?",FALSE,TRUE,TRUE,"L-REL-3","S-REL-3;S-REL-4b;S-REL-4c-O;S-REL-4c-C","S-REL-4c-C","relative clauses","recode group 5 (simple conditioning)","if relative clauses can be headed by an internal NP, whether or not they require a pronoun in the main clause","GB606m == 1","","","",""
"GB331","GB331C","Are there non-adjacent relative clauses, if the relative clause can follow the noun?",FALSE,FALSE,TRUE,"S-REL-5","S-REL-4a-C;S-REL-4c-C","S-REL-4a-C;S-REL-4c-C","relative clauses","recode group 5 (simple conditioning)","if relative clauses following the noun present","GB327 == 1","","","",""
"GB333&GB336","GB332NOM","Is the numeral system decimal or body-part tallying (or neither)?",FALSE,FALSE,TRUE,"S-NUS-1","S-NUS-2-C;S-NUS-3-C","S-NUS-3-C","","recode group 2 (merge variables - recode via logical arguments)","none","","1 GB333 == ""0"" & GB336 == ""0"";2 GB333 == ""1"" & GB336 %in% c(""?"", ""0"");3 GB336 == ""1"" & GB333 %in% c(""?"", ""0"");4 ((GB333 == ""0"" & GB336 == ""0"") | (GB333 == ""1"" & GB336 %in% c(""?"", ""0"")) | (GB336 == ""1"" & GB333 %in% c(""?"", ""0""))) == F","","neither;decimal system;body-part tallying system;?","1-2-3-4"
"GB334","GB334","Is there synchronic evidence for any element of a quinary numeral system?",TRUE,TRUE,TRUE,"","S-NUS-2-C","","","include without modification","none","","","","",""
"GB335","GB335","Is there synchronic evidence for any element of a vigesimal numeral system?",TRUE,TRUE,TRUE,"","S-NUS-3-C","S-NUS-3-C","","include without modification","none","","","","",""
"GB401","GB401","Is there a class of patient-labile verbs?",TRUE,TRUE,TRUE,"","","","","include without modification","none","","","","",""
"GB402","GB402","Does the verb for 'see' have suppletive verb forms?",TRUE,TRUE,TRUE,"","S-SUP-2-C","","","include without modification","none","","","","",""
"GB403","GB403","Does the verb for 'come' have suppletive verb forms?",TRUE,TRUE,TRUE,"","S-SUP-3-C","S-SUP-3-C","","include without modification","none","","","","",""
"GB408","GB408","Is there any accusative alignment of flagging?",TRUE,TRUE,TRUE,"","","","alignment;alignment of flagging","include without modification","none","","","","",""
"GB409","GB409","Is there any ergative alignment of flagging?",TRUE,TRUE,TRUE,"","","","alignment;alignment of flagging","include without modification","none","","","","",""
"GB410","GB410","Is there any neutral alignment of flagging?",TRUE,TRUE,TRUE,"","","","alignment;alignment of flagging","include without modification","none","","","","",""
"GB415","GB415","Is there a politeness distinction in 2nd person forms?",TRUE,TRUE,TRUE,"","","","","include without modification","none","","","","",""
"GB421","GB421c","Is there a preposed complementizer in complements of verbs of thinking and/or knowing, if there is a complementizer in complements of verbs of thinking and/or knowing at all?",FALSE,TRUE,TRUE,"L-CPE-2","S-CPE-1","S-CPE-1","word order","recode group 5 (simple conditioning)","if there is a complementizer in complements of verbs of thinking and/or knowing","GB510m == 1","","","",""
"GB422","GB422c","Is there a postposed complementizer in complements of verbs of thinking and/or knowing, if there is a complementizer in complements of verbs of thinking and/or knowing at all?",FALSE,TRUE,TRUE,"L-CPE-3","S-CPE-1","S-CPE-1","word order","recode group 5 (simple conditioning)","if there is a complementizer in complements of verbs of thinking and/or knowing","GB510m == 1","","","",""
"GB430","GB430c","Can adnominal possession be marked by a prefix on the possessor, if adnominal possession can be marked by an affix on the possessor at all?",FALSE,TRUE,TRUE,"L-POS-06","S-POS-5","S-POS-5","prefixing/suffixing","recode group 5 (simple conditioning)","if adnominal possession can be coded on the possessor","GB590m == 1","","","",""
"GB431","GB431c","Can adnominal possession be marked by a prefix on the possessed noun, if adnominal possession can be marked by an affix on the possessed noun at all?",FALSE,TRUE,TRUE,"L-POS-09","S-POS-4","S-POS-4","prefixing/suffixing","recode group 5 (simple conditioning)","if adnominal possession can be coded on the possessed noun","GB591m == 1","","","",""
"GB432","GB432c","Can adnominal possession be marked by a suffix on the possessor, if adnominal possession can be marked by an affix on the possessor at all?",FALSE,TRUE,TRUE,"L-POS-07","S-POS-5","S-POS-5","prefixing/suffixing","recode group 5 (simple conditioning)","if adnominal possession can be coded on the possessor","GB590m == 1","","","",""
"GB433","GB433c","Can adnominal possession be marked by a suffix on the possessed noun, if adnominal possession can be marked by an affix on the possessed noun at all?",FALSE,TRUE,TRUE,"L-POS-10","S-POS-4","S-POS-4","prefixing/suffixing","recode group 5 (simple conditioning)","if adnominal possession can be coded on the possessed noun","GB591m == 1","","","",""
"GB070&GB071&GB072&GB073","GB480m","Is there morphological case at all?",FALSE,TRUE,TRUE,"L-CAS-1","S-POS-CAS-1;D-CAS-2;D-CAS-3;D-CAS-4;D-CAS-5;S-ATT-2;S-ADP-2","S-ATT-2","isolating/affixing","recode group 2 (merge variables - recode via logical arguments)","none","","1 GB070 == ""0"" & GB071 == ""0"" & GB072 == ""0"" & GB073 == ""0"";2 GB070 == ""1"";3 GB071 == ""1"";4 GB072 == ""1"";5 GB073 == ""1"";6 ((GB070 == ""0"" & GB071 == ""0"" & GB072 == ""0"" & GB073 == ""0"") | (GB070 == ""1"") | (GB071 == ""1"") | (GB072 == ""1"") | (GB073 == ""1"")) == F","","0;1;?","1-2/3/4/5-6"
"GB119&GB120&GB121","GB500drm","Can any TAM be marked by an inflecting word (""auxiliary verb"")?",FALSE,TRUE,TRUE,"D-TAM-13","","","","recode group 2 (merge variables - recode via logical arguments)","none","","1 GB119 == ""0"" & GB120 == ""0"" & GB121 == ""0"";2 GB119 == ""1"";3 GB120 == ""1"";4 GB121 == ""1"";5 ((GB119 == ""0"" & GB120 == ""0"" & GB121 == ""0"") | (GB119 == ""1"") | (GB120 == ""1"") | (GB121 == ""1"")) == F","","0;1;?","1-2/3/4-5"
"GB519&GB520&GB521","GB501drm","Can any TAM be marked by an non-inflecting word (""particle"")?",FALSE,TRUE,TRUE,"D-TAM-14","","","","recode group 2 (merge variables - recode via logical arguments)","none","","1 GB519 == ""0"" & GB520 == ""0"" & GB521 == ""0"";2 GB519 == ""1"";3 GB520 == ""1"";4 GB521 == ""1"";5 ((GB519 == ""0"" & GB520 == ""0"" & GB521 == ""0"") | (GB519 == ""1"") | (GB520 == ""1"") | (GB521 == ""1"")) == F","","0;1;?","1-2/3/4-5"
"GB421&GB422","GB510m","Are there complementizers in complements in verbs of thinking and/or knowing at all?",FALSE,TRUE,TRUE,"L-CPE-1","L-CPE-2;L-CPE-3","","","recode group 2 (merge variables - recode via logical arguments)","none","","1 GB421 == ""0"" & GB422 == ""0"";2 GB421 == ""1"";3 GB422 == ""1"";4 ((GB421 == ""0"" & GB422 == ""0"") | (GB421 == ""1"") | (GB422 == ""1"")) == F","","0;1;?","1-2/3-4"
"GB522","GB522C","Can the S or A argument be omitted from a pragmatically unmarked clause when the referent is inferrable from context (""pro-drop"" or ""null anaphora""), if there is affixal/clitic SAP-indexing at all (conditioned on morphologcial TAM)?",FALSE,FALSE,TRUE,"S-SAP-03-C","S-SAP-18-C","","","recode group 5 (simple conditioning)","if any SAP arguments indexed on the verb in the simple main clause at all (conditioned on TAM)","GB625mC == 1","","","",""
"GB071&GB073","GB549drmc","Is there morphological case for pronominal arguments, if there is case at all?",FALSE,TRUE,TRUE,"D-CAS-2","S-PRO-CAS-1;S-CAS-01","","","recode group 3 (merge variables - recode via logical arguments - simple conditioning)","if morphological case present","GB480m == 1","1 GB071 == ""0"" & GB073 == ""0"";2 GB071 == ""1"";3 GB073 == ""1"";4 ((GB071 == ""0"" & GB073 == ""0"") | (GB071 == ""1"") | (GB073 == ""1"")) == F","","0;1;?","1-2/3-4"
"GB020&GB021&GB022&GB023&GB172&GB186","GB550m","Are there articles at all?",FALSE,TRUE,TRUE,"L-ART-1","D-AGR-ART;L-ART-2;L-ART-3;L-ART-4;L-ART-5","","","recode group 2 (merge variables - recode via logical arguments)","none","","1 GB020 == ""0"" & GB021 == ""0"" & GB022 == ""0"" & GB023 == ""0"" & GB172 == ""0"" & GB186 == ""0"";2 GB020 == ""1"";3 GB021 == ""1"";4 GB022 == ""1"";5 GB023 == ""1"";6 GB172 == ""1"";7 GB186 == ""1"";8 ((GB020 == ""0"" & GB021 == ""0"" & GB022 == ""0"" & GB023 == ""0"" & GB172 == ""0"" & GB186 == ""0"") | (GB020 == ""1"") | (GB021 == ""1"") | (GB022 == ""1"") | (GB023 == ""1"") | (GB172 == ""1"") | (GB186 == ""1"")) == F","","0;1;?","1-2/3/4/5/6/7-8"
"GB051&GB052&GB053&GB054&GB170&GB171&GB172&GB192&GB198&GB314&GB315&GB321","GB551mC","Is there a gender/noun class system at all?",FALSE,FALSE,TRUE,"S-NUM-GEN-2","S-CLA-2-C;S-GEN-1-C;S-NUM-GEN-1-C;S-ATT-3-C","S-ATT-3-C;S-GEN-1-C;S-NUM-GEN-1-C;S-CLA-2-C","","recode group 2 (merge variables - recode via logical arguments)","none","","1 GB051 == ""0"" & GB052 == ""0"" & GB053 == ""0"" & GB054 == ""0"" & GB170 == ""0"" & GB171 == ""0"" & GB172 == ""0"" & GB192 == ""0"" & GB198 == ""0"" & GB314 == ""0"" & GB315 == ""0"" & GB321 == ""0"";2 GB051 == ""1"";3 GB052 == ""1"";4 GB053 == ""1"";5 GB054 == ""1"";6 GB170 == ""1"";7 GB171 == ""1"";8 GB172 == ""1"";9 GB192 == ""1"";10 GB198 == ""1"";11 GB314 == ""1"";12 GB315 == ""1"";13 GB321 == ""1"";14 ((GB051 == ""0"" & GB052 == ""0"" & GB053 == ""0"" & GB054 == ""0"" & GB170 == ""0"" & GB171 == ""0"" & GB172 == ""0"" & GB192 == ""0"" & GB198 == ""0"" & GB314 == ""0"" & GB315 == ""0"" & GB321 == ""0"") | (GB051 == ""1"") | (GB052 == ""1"") | (GB053 == ""1"") | (GB054 == ""1"") | (GB170 == ""1"") | (GB171 == ""1"") | (GB172 == ""1"") | (GB192 == ""1"") | (GB198 == ""1"") | (GB314 == ""1"") | (GB315 == ""1"") | (GB321 == ""1"")) == F","","0;1;?","1-2/3/4/5/6/7/8/9/10/11/12/13-14"
"GB038&GB057","GB552m","Are there classifiers at all?",FALSE,TRUE,TRUE,"L-CLA-1","S-CLA-2-O;S-CLA-2-C;L-CLA-2;L-CLA-3","S-CLA-2-C","","recode group 2 (merge variables - recode via logical arguments)","none","","1 GB038 == ""0"" & GB057 == ""0"";2 GB038 == ""1"";3 GB057 == ""1"";4 ((GB038 == ""0"" & GB057 == ""0"") | (GB038 == ""1"") | (GB057 == ""1"")) == F ","","0;1;?","1-2/3-4"
"GB070&GB072","GB553drmcC","Is there morphological case for non-pronominal arguments, if there is morphological case for pronominal arguments?",FALSE,FALSE,TRUE,"S-CAS-01","","","","recode group 9 (merge variables - recode via logical arguments - simple conditioning [conditioned variable])","if morphological case for pronominal arguments present","GB549drmc == 1","1 GB070 == ""0"" & GB072 == ""0"";2 GB070 == ""1"";3 GB072 == ""1"";4 ((GB070 == ""0"" & GB072 == ""0"") | (GB070 == ""1"") | (GB072 == ""1"")) == F","","0;1;?","1-2/3-4"
"GB147&GB302&GB304","GB555m","Is there passive voice at all?",FALSE,TRUE,TRUE,"L-PAS-1","L-PAS-2;L-PAS-3;L-PAS-4","","","recode group 2 (merge variables - recode via logical arguments)","none","","1 GB147 == ""0"" & GB302 == ""0"" & GB304 == ""0"";2 GB147 == ""1"";3 GB302 == ""1"";4 GB304 == ""1"";5 ((GB147 == ""0"" & GB302 == ""0"" & GB304 == ""0"") | (GB147 == ""1"") | (GB302 == ""1"") | (GB304 == ""1"")) == F","","0;1;?","1-2/3/4-5"
"GB148&GB303","GB556m","Is there antipassive voice at all?",FALSE,TRUE,TRUE,"L-ANT-1","L-ANT-2;L-ANT-3","","","recode group 2 (merge variables - recode via logical arguments)","none","","1 GB148 == ""0"" & GB303 == ""0"";2 GB148 == ""1"";3 GB303 == ""1"";4 ((GB148 == ""0"" & GB303 == ""0"") | (GB148 == ""1"") | (GB303 == ""1"")) == F","","0;1;?","1-2/3-4"
"GB148&GB303","GB556OM","If there is antipassive voice at all, is the antipassive morphologically expressed on the lexical verb (1) or as a phonologically free antipassive marker (2)?",FALSE,FALSE,TRUE,"S-ANT-1","","","isolating/affixing","recode group 3 (merge variables - recode via logical arguments - simple conditioning)","if antipassive voice present","GB556m == 1","1 GB148 == ""1"" & GB303 %in% c(""0"", ""?"");2 GB303 == ""1"" & GB148 %in% c(""0"", ""?"");3 GB148 == ""0"" & GB303 == ""0"";4 ((GB148 == ""1"" & GB303 %in% c(""0"", ""?"")) | (GB303 == ""1"" & GB148 %in% c(""0"", ""?"")) | (GB148 == ""0"" & GB303 == ""0"")) == F","","1;2;NA;?","1-2-3-4"
"GB082&GB083&GB084&GB121&GB309&GB521","GB557drm","Is there tense at all?",FALSE,TRUE,TRUE,"D-TAM-01","L-TAM-08;L-TAM-15","","TAME","recode group 2 (merge variables - recode via logical arguments)","none","","1 GB082 == ""0"" & GB083 == ""0"" & GB084 == ""0"" & GB121 == ""0"" & GB309 == ""0"" & GB521 == ""0"";2 GB082 == ""1"";3 GB083 == ""1"";4 GB084 == ""1"";5 GB121 == ""1"";6 GB309 == ""1"";7 GB521 == ""1"";8 ((GB082 == ""0"" & GB083 == ""0"" & GB084 == ""0"" & GB121 == ""0"" & GB309 == ""0"" & GB521 == ""0"") | (GB082 == ""1"") | (GB083 == ""1"") | (GB084 == ""1"") | (GB121 == ""1"") | (GB309 == ""1"") | (GB521 == ""1"")) == F","","0;1;?","1-2/3/4/5/6/7-8"
"GB119&GB312&GB519","GB558drm","Is there mood at all?",FALSE,TRUE,TRUE,"D-TAM-02","S-NEG-TAM-1","","TAME","recode group 2 (merge variables - recode via logical arguments)","none","","1 GB119 == ""0"" & GB312 == ""0"" & GB519 == ""0"";2 GB119 == ""1"";3 GB312 == ""1"";4 GB519 == ""1"";5 ((GB119 == ""0"" & GB312 == ""0"" & GB519 == ""0"") | (GB119 == ""1"") | (GB312 == ""1"") | (GB519 == ""1"")) == F","","0;1;?","1-2/3/4-5"
"GB086&GB120&GB520","GB559drm","Is there aspect at all?",FALSE,TRUE,TRUE,"D-TAM-03","","","TAME","recode group 2 (merge variables - recode via logical arguments)","none","","1 GB086 == ""0"" & GB120 == ""0"" & GB520 == ""0"";2 GB086 == ""1"";3 GB120 == ""1"";4 GB520 == ""1"";5 ((GB086 == ""0"" & GB120 == ""0"" & GB520 == ""0"") | (GB086 == ""1"") | (GB120 == ""1"") |(GB520 == ""1"")) == F","","0;1;?","1-2/3/4-5"
"GB170&GB171&GB172&GB198","GB560drmcC","Can NP elements agree with the noun in gender/noun class at all, if there is a gender/noun class system at all and if there is agreement of NP elements with the noun in number at all?",FALSE,FALSE,TRUE,"S-AGR-1","","","","recode group 4 (merge variables - recode via logical arguments - multiple conditioning)","if gender/noun class system present and if agreement with noun in number present","GB561drmc == 1 & GB551m == 1","1 GB170 == ""0"" & GB171 == ""0"" & GB172 == ""0"" & GB198 == ""0"";2 GB170 == ""1"";3 GB171 == ""1"";4 GB172 == ""1"";5 GB198 == ""1"";6 ((GB170 == ""0"" & GB171 == ""0"" & GB172 == ""0"" & GB198 == ""0"") | (GB170 == ""1"") | (GB171 == ""1"") | (GB172 == ""1"") | (GB198 == ""1"")) == F","","0;1;?","1-2/3/4/5-6"
"GB184&GB185&GB186","GB561drmc","Can elements of an NP agree with the noun in number at all, if there is number marking within the NP at all?",FALSE,TRUE,TRUE,"D-AGR-NUM","S-AGR-1","","","recode group 3 (merge variables - recode via logical arguments - simple conditioning)","if number marking of NPs present","GB945m == 1","1 GB184 == ""0"" & GB185 == ""0"" & GB186 == ""0"";2 GB184 == ""1"";3 GB185 == ""1"";4 GB186 == ""1"";5 ((GB184 == ""0"" & GB185 == ""0"" & GB186 == ""0"") | (GB184 == ""1"") | (GB185 == ""1"") | (GB186 == ""1"")) == F","","0;1;?","1-2/3/4-5"
"GB074&GB075","GB563m","Are there adpositions at all?",FALSE,TRUE,TRUE,"L-ADP-1","L-ADP-2;L-ADP-3;S-ADP-2","","isolating/affixing","recode group 2 (merge variables - recode via logical arguments)","none","","1 GB074 == ""0"" & GB075 == ""0"";2 GB074 == ""1"";3 GB075 == ""1"";4 ((GB074 == ""0"" & GB075 == ""0"") | (GB074 == ""1"") | (GB075 == ""1"")) == F","","0;1;?","1-2/3-4"
"GB170&GB184","GB567drm","Can an adnominal property word agree with the noun at all (gender/noun class and/or number)?",FALSE,TRUE,TRUE,"D-AGR-APW","S-AGR-3;S-WOO-AGR-1;S-ATT-4","S-ATT-4;S-AGR-3","","recode group 2 (merge variables - recode via logical arguments)","none","","1 GB170 == ""0"" & GB184 == ""0"";2 GB170 == ""1"";3 GB184 == ""1"";4 ((GB170 == ""0"" & GB184 == ""0"") | (GB170 == ""1"") | (GB184 == ""1"")) == F","","0;1;?","1-2/3-4"
"GB171&GB185","GB568drm","Can an adnominal demonstrative agree with the noun at all (gender/noun class and/or number)?",FALSE,TRUE,TRUE,"D-AGR-ADD","S-AGR-2;S-AGR-3","S-AGR-3","","recode group 2 (merge variables - recode via logical arguments)","none","","1 GB171 == ""0"" & GB185 == ""0"";2 GB171 == ""1"";3 GB185 == ""1"";4 ((GB171 == ""0"" & GB185 == ""0"") | (GB171 == ""1"") | (GB185 == ""1"")) == F","","0;1;?","1-2/3-4"
"GB172&GB186","GB569drmcC","Can an article agree with the noun at all (gender/noun class and/or number), if there are articles at all and if the adnominal demonstrative can agree with the noun at all?",FALSE,FALSE,TRUE,"S-AGR-2","","","","recode group 4 (merge variables - recode via logical arguments - multiple conditioning)","if articles present and if agreement of demonstratives with noun present","GB550m == 1 & GB568drm == 1","1 GB172 == ""0"" & GB186 == ""0"";2 GB172 == ""1"";3 GB186 == ""1"";4 ((GB172 == ""0"" & GB186 == ""0"") | (GB172 == ""1"") | (GB186 == ""1"")) == F","","0;1;?","1-2/3-4"
"GB430&GB432","GB590mC","Can adnominal possession be marked by an affix on the possessor at all, if there is case at all?",FALSE,FALSE,TRUE,"S-POS-CAS-1","S-LOM-1-C;S-POS-8-C","S-POS-8-C","possession","recode group 3 (merge variables - recode via logical arguments - simple conditioning)","if morphological case present","GB480m == 1","1 GB430 == ""0"" & GB432 == ""0"";2 GB430 == ""1"";3 GB432 == ""1"";4 ((GB430 == ""0"" & GB432 == ""0"") | (GB430 == ""1"") | (GB432 == ""1"")) == F","","0;1;?","1-2/3-4"
"GB431&GB433","GB591mC","Can adnominal possession be marked by an affix on the possessed noun at all, if there is affixal/clitic SAP-indexing at all (conditioned on morphologcial TAM)?",FALSE,FALSE,TRUE,"S-LOM-2-C","S-POS-3-C;S-LOM-1-C;S-POS-6-C","","possession","recode group 9 (merge variables - recode via logical arguments - simple conditioning [conditioned variable])","if any SAP arguments indexed on the verb in the simple main clause at all (conditioned on TAM)","GB625mC == 1","1 GB431 == ""0"" & GB433 == ""0"";2 GB431 == ""1"";3 GB433 == ""1"";4 ((GB431 == ""0"" & GB433 == ""0"") | (GB431 == ""1"") | (GB433 == ""1"")) == F","","0;1;?","1-2/3-4"
"GB322&GB323","GB595m","Is there grammatical marking of evidence at all?",FALSE,TRUE,TRUE,"L-TAM-04","L-TAM-05;L-TAM-06","","TAME","recode group 2 (merge variables - recode via logical arguments)","none","","1 GB322 == ""0"" & GB323 == ""0"";2 GB322 == ""1"";3 GB323 == ""1"";4 ((GB322 == ""0"" & GB323 == ""0"") | (GB322 == ""1"") | (GB323 == ""1"")) == F","","0;1;?","1-2/3-4"
"GB329&GB330","GB606m","Are there relative clauses headed by an internal NP at all?",FALSE,TRUE,TRUE,"L-REL-1","L-REL-2;L-REL-3","","relative clauses","recode group 2 (merge variables - recode via logical arguments)","none","","1 GB329 == ""0"" & GB330 == ""0"";2 GB329 == ""1"";3 GB330 == ""1"";4 ((GB329 == ""0"" & GB330 == ""0"") | (GB329 == ""1"") | (GB330 == ""1"")) == F","","0;1;?","1-2/3-4"
"GB089&GB090","GB620drmc","Can the S argument be indexed by an affix/clitic on the verb in the simple main clause, if there is affixal/clitic SAP-indexing at all?",FALSE,TRUE,TRUE,"D-SAP-7","S-SAP-15;S-SAP-16","","SAP-indexing","recode group 3 (merge variables - recode via logical arguments - simple conditioning)","if any SAP arguments indexed on the verb in the simple main clause at all","GB625m == 1","1 GB089 == ""0"" & GB090 == ""0"";2 GB089 == ""1"";3 GB090 == ""1"";4 ((GB089 == ""0"" & GB090 == ""0"") | (GB089 == ""1"") | (GB090 == ""1"")) == F","","0;1;?","1-2/3-4"
"GB091&GB092","GB621drmc","Can the A argument be indexed by an affix/clitic on the verb in the simple main clause, if there is affixal/clitic SAP-indexing at all?",FALSE,TRUE,TRUE,"D-SAP-8","","","SAP-indexing","recode group 3 (merge variables - recode via logical arguments - simple conditioning)","if any SAP arguments indexed on the verb in the simple main clause at all","GB625m == 1","1 GB091 == ""0"" & GB092 == ""0"";2 GB091 == ""1"";3 GB092 == ""1"";4 ((GB091 == ""0"" & GB092 == ""0"") | (GB091 == ""1"") | (GB092 == ""1"")) == F","","0;1;?","1-2/3-4"
"GB093&GB094","GB622drmc","Can the P argument be indexed by an affix/clitic on the verb in the simple main clause, if there is affixal/clitic SAP-indexing at all?",FALSE,TRUE,TRUE,"D-SAP-9","","","SAP-indexing","recode group 3 (merge variables - recode via logical arguments - simple conditioning)","if any SAP arguments indexed on the verb in the simple main clause at all","GB625m == 1","1 GB093 == ""0"" & GB094 == ""0"";2 GB093 == ""1"";3 GB094 == ""1"";4 ((GB093 == ""0"" & GB094 == ""0"") | (GB093 == ""1"") | (GB094 == ""1"")) == F","","0;1;?","1-2/3-4"
"GB090&GB092&GB094","GB623drmc","Do verbs take SAP-prefixes/proclitics, if there is affixal/clitic SAP-indexing at all?",FALSE,TRUE,TRUE,"D-SAP-5","","","prefixing/suffixing","recode group 3 (merge variables - recode via logical arguments - simple conditioning)","if any SAP arguments indexed on the verb in the simple main clause at all","GB625m == 1","1 GB090 == ""0"" & GB092 == ""0"" & GB094 == ""0"";2 GB090 == ""1"";3 GB092 == ""1"";4 GB094 == ""1"";5 ((GB090 == ""0"" & GB092 == ""0"" & GB094 == ""0"") | (GB090 == ""1"") | (GB092 == ""1"") | (GB094 == ""1"")) == F","","0;1;?","1-2/3/4-5"
"GB089&GB091&GB093","GB624drmc","Do verbs take SAP-suffixes/enclitics, if there is affixal/clitic SAP-indexing at all?",FALSE,TRUE,TRUE,"D-SAP-6","","","prefixing/suffixing","recode group 3 (merge variables - recode via logical arguments - simple conditioning)","if any SAP arguments indexed on the verb in the simple main clause at all","GB625m == 1","1 GB089 == ""0"" & GB091 == ""0"" & GB093 == ""0"";2 GB089 == ""1"";3 GB091 == ""1"";4 GB093 == ""1"";5 ((GB089 == ""0"" & GB091 == ""0"" & GB093 == ""0"") | (GB089 == ""1"") | (GB091 == ""1"") | (GB093 == ""1"")) == F","","0;1;?","1-2/3/4-5"
"GB089&GB090&GB091&GB092&GB093&GB094","GB625mC","Do verbs index any SAP arguments by means of affixes/clitics on the verb in the simple main clause at all, if there is morphological TAM-marking at all?",FALSE,FALSE,TRUE,"S-SAP-10","S-SAP-05-C;S-SAP-06-C;S-LOM-2-C;S-SAP-07-C;S-SAP-12-C;S-SAP-13-C;S-SAP-14-C;S-SAP-03-C;S-SAP-09-C","","","recode group 3 (merge variables - recode via logical arguments - simple conditioning)","if morphological TAM-marking present","GB777drm == 1","1 GB089 == ""0"" & GB090 == ""0"" &  GB091 == ""0"" & GB092 == ""0"" & GB093 == ""0"" & GB094 == ""0"";2 GB089 == ""1"";3 GB090 == ""1"";4 GB091 == ""1"";5 GB092 == ""1"";6 GB093 == ""1"";7 GB094 == ""1"";8 ((GB089 == ""0"" & GB090 == ""0"" &  GB091 == ""0"" & GB092 == ""0"" & GB093 == ""0"" & GB094 == ""0"") | (GB089 == ""1"") | (GB090 == ""1"") | (GB091 == ""1"") | (GB092 == ""1"") | (GB093 == ""1"") | (GB094 == ""1"")) == F","","0;1;?","1-2/3/4/5/6/7-8"
"GB314&GB187","GB701drm","Is there productive diminutive marking on the noun at all?",FALSE,TRUE,TRUE,"D-DIA-1","S-DIA-1","S-DIA-1","isolating/affixing","recode group 2 (merge variables - recode via logical arguments)","none","","1 GB314 == ""0"" & GB187 == ""0"";2 GB314 == ""1"";3 GB187 == ""1"";4 ((GB314 == ""0"" & GB187 == ""0"") | (GB314 == ""1"") | (GB187 == ""1"")) == F","","0;1;?","1-2/3-4"
"GB315&GB188","GB702drm","Is there productive augmentative marking on the noun at all?",FALSE,TRUE,TRUE,"D-DIA-2","S-DIA-1","S-DIA-1","isolating/affixing","recode group 2 (merge variables - recode via logical arguments)","none","","1 GB315 == ""0"" & GB188 == ""0"";2 GB315 == ""1"";3 GB188 == ""1"";4 ((GB315 == ""0"" & GB188 == ""0"") | (GB315 == ""1"") | (GB188 == ""1"")) == F","","0;1;?","1-2/3-4"
"GB314&GB315","GB703drmc","Can diminutive and/or augmentative meaning be expressed productively by a shift of gender/noun class, if there is a gender/noun class system at all?",FALSE,TRUE,TRUE,"D-DIA-3","S-DIA-2","S-DIA-2","nominal classification factors","recode group 3 (merge variables - recode via logical arguments - simple conditioning)","if gender/noun class system present","GB551m == 1","1 GB314 == ""0"" & GB315 == ""0"";2 GB314 == ""1"";3 GB315 == ""1"";4 ((GB314 == ""0"" & GB315 == ""0"") | (GB314 == ""1"") | (GB315 == ""1"")) == F","","0;1;?","1-2/3-4"
"GB187&GB188","GB704drm","Is there diminutive or augmentative marking on the noun at all (excluding marking by system of nominal classification only)?",FALSE,TRUE,TRUE,"D-DIA-4","S-DIA-2","S-DIA-2","isolating/affixing","recode group 2 (merge variables - recode via logical arguments)","none","","1 GB187 == ""0"" & GB188 == ""0"";2 GB187 == ""1"";3 GB188 == ""1"";4 ((GB187 == ""0"" & GB188 == ""0"") | (GB187 == ""1"") | (GB188 == ""1"")) == F","","0;1;?","1-2/3-4"
"GB086&GB312&GB082&GB083&GB084","GB777drm","Can any TAM be morphologically marked on the verb?",FALSE,TRUE,TRUE,"D-TAM-12","S-NEG-TAM-2;S-SAP-10;S-SAP-11;S-SAP-17;L-TAM-08","","isolating/affixing","recode group 2 (merge variables - recode via logical arguments)","none","","1 GB086 == ""0"" & GB312 == ""0"" & GB082 == ""0"" & GB083 == ""0"" & GB084 == ""0"";2 GB086 == ""1"";3 GB312 == ""1"";4 GB082 == ""1"";5 GB083 == ""1"";6 GB084 == ""1"";7 ((GB086 == ""0"" & GB312 == ""0"" & GB082 == ""0"" & GB083 == ""0"" & GB084 == ""0"") | (GB086 == ""1"") | (GB312 == ""1"") | (GB082 == ""1"") | (GB083 == ""1"") | (GB084 == ""1"")) == F","","0;1;?","1-2/3/4/5/6-7"
"GB275&GB276","GB800m","Is there a comparative degree marker on the property word at all?",FALSE,TRUE,TRUE,"L-CPA-1","L-CPA-2;L-CPA-3;S-CPA-4;S-CPA-8-O;S-CPA-8-C","S-CPA-4;S-CPA-8-C","comparatives","recode group 2 (merge variables - recode via logical arguments)","none","","1 GB275 == ""0"" & GB276 == ""0"";2 GB275 == ""1"";3 GB276 == ""1"";4 ((GB275 == ""0"" & GB276 == ""0"") | (GB275 == ""1"") | (GB276 == ""1"")) == F","","0;1;?","1-2/3-4"
"GB275&GB276","GB800OM","If there is a comparative degree marker at all, is it bound or non-bound?",FALSE,FALSE,TRUE,"S-CPA-2","","","isolating/affixing","recode group 3 (merge variables - recode via logical arguments - simple conditioning)","if comparative degree markers present","GB800m == 1","1 GB275 == ""1"" & GB276 %in% c(""0"", ""?"");2 GB276 == ""1"" & GB275 %in% c(""0"", ""?"");3 GB275 == ""0"" & GB276 == ""0"";4 ((GB275 == ""1"" & GB276 %in% c(""0"", ""?"")) | (GB276 == ""1"" & GB275 %in% c(""0"", ""?"")) | (GB275 == ""0"" & GB276 == ""0"")) == F","","bound;non-bound;NA;?","1-2-3-4"
"GB114&GB305","GB850drm","Are there reflexives at all?",FALSE,TRUE,TRUE,"D-REF-1","S-REF-2","","","recode group 2 (merge variables - recode via logical arguments)","none","","1 GB114 == ""0"" & GB305 == ""0"";2 GB114 == ""1"";3 GB305 == ""1"";4 ((GB114 == ""0"" & GB305 == ""0"") | (GB114 == ""1"") | (GB305 == ""1"")) == F","","0;1;?","1-2/3-4"
"GB114&GB115","GB852drmC","Are there phonologically bound reflexives/reciprocals at all, if there is affixal/clitic SAP-indexing at all (conditioned on morphologcial TAM)?",FALSE,FALSE,TRUE,"S-SAP-09-C","S-REF-1-C","S-REF-1-C","","recode group 9 (merge variables - recode via logical arguments - simple conditioning [conditioned variable])","if any SAP arguments indexed on the verb in the simple main clause at all (conditioned on TAM)","GB625mC == 1","1 GB114 == ""0"" & GB115 == ""0"";2 GB114 == ""1"";3 GB115 == ""1"";4 ((GB114 == ""0"" & GB115 == ""0"") | (GB114 == ""1"") | (GB115 == ""1"")) == F","","0;1;?","1-2/3-4"
"GB305&GB306","GB853drm","Are there phonologically independent reflexives/reciprocals at all?",FALSE,TRUE,TRUE,"D-REF-4","S-REF-1-O;S-REF-1-C","S-REF-1-C","isolating/affixing","recode group 2 (merge variables - recode via logical arguments)","none","","1 GB305 == ""0"" & GB306 == ""0"";2 GB305 == ""1"";3 GB306 == ""1"";4 ((GB305 == ""0"" & GB306 == ""0"") | (GB305 == ""1"") | (GB306 == ""1"")) == F","","0;1;?","1-2/3-4"
"GB072&GB073","GB887drmc","Is there morphological case for oblique arguments (i.e. not S/A/P), if there is case at all?",FALSE,TRUE,TRUE,"D-CAS-4","S-POS-CAS-2;S-POS-CAS-3;S-POS-CAS-4;S-CAS-02","","","recode group 3 (merge variables - recode via logical arguments - simple conditioning)","if morphological case present","GB480m == 1","1 GB072 == ""0"" & GB073 == ""0"";2 GB072 == ""1"";3 GB073 == ""1"";4 ((GB072 == ""0"" & GB073 == ""0"") | (GB072 == ""1"") | (GB073 == ""1"")) == F","","0;1;?","1-2/3-4"
"GB070&GB071","GB888drmcC","Is there morphological case for core arguments (i.e. S/A/P), if there is morphological case for oblique arguments?",FALSE,FALSE,TRUE,"S-CAS-02","S-WOO-SAP-1-C","","","recode group 9 (merge variables - recode via logical arguments - simple conditioning [conditioned variable])","if morphological case for oblique arguments present","GB887drmc == 1","1 GB070 == ""0"" & GB071 == ""0"";2 GB070 == ""1"";3 GB071 == ""1"";4 ((GB070 == ""0"" & GB071 == ""0"") | (GB070 == ""1"") | (GB071 == ""1"")) == F","","0;1;?","1-2/3-4"
"GB266&GB270","GB900OM","Are there comparative constructions that employ a marker of the standard which elsewhere has a locational meaning, can comparatives be expressed using two conjoined clauses or neither?",FALSE,FALSE,TRUE,"S-CPA-5","S-CPA-1a-C;S-CPA-1c-C;S-CPA-6-C;S-CPA-7-C;S-CPA-8-C","S-CPA-6-C;S-CPA-7-C;S-CPA-8-C;S-CPA-1a-C;S-CPA-1c-C","comparatives","recode group 2 (merge variables - recode via logical arguments)","none","","1 GB266 == ""0"" & GB270 == ""0"";2 GB266 == ""1"" & GB270 %in% c(""?"", ""0"");3 GB270 == ""1"" & GB266 %in% c(""?"", ""0"");4 ((GB266 == ""0"" & GB270 == ""0"") | (GB266 == ""1"" & GB270 %in% c(""?"", ""0"")) | (GB270 == ""1"" & GB266 %in% c(""?"", ""0""))) == F","","neither;marker of standard with elsewhere locational meaning;conjoined clauses;?","1-2-3-4"
"GB039&GB041&GB042&GB043&GB044&GB165&GB166&GB316&GB317&GB318&GB319&GB320&GB184&GB185&GB186","GB945m","Is there number marking within NPs at all?",FALSE,TRUE,TRUE,"L-NUM-01","S-NUM-10;D-AGR-NUM;D-NUM-02;D-NUM-03;D-NUM-04;D-NUM-05;D-NUM-06;D-NUM-07;D-NUM-08;L-NUM-09;L-NUM-10;S-NUM-GEN-2","","","recode group 2 (merge variables - recode via logical arguments)","none","","1 GB042 == ""0"" & GB043 == ""0"" & GB044 == ""0"" & GB165 == ""0"" & GB166 == ""0"" & GB316 == ""0"" & GB317 == ""0"" & GB318 == ""0"" & GB319 == ""0"" & GB320 == ""0"" & GB039 == ""0"" & GB042 == ""0"" & GB184 == ""0"" & GB185 == ""0"" & GB186 == ""0"";2 GB042 == ""1"";3 GB043 == ""1"";4 GB044 == ""1"";5 GB165 == ""1"";6 GB166 == ""1"";7 GB316 == ""1"";8 GB317 == ""1"";9 GB318 == ""1"";10 GB319 == ""1"";11 GB320 == ""1"";12 GB039 == ""1"";13 GB041 == ""1"";14 GB184 == ""1"";15 GB185 == ""1"";16 GB186 == ""1"";17 ((GB042 == ""0"" & GB043 == ""0"" & GB044 == ""0"" & GB165 == ""0"" & GB166 == ""0"" & GB316 == ""0"" & GB317 == ""0"" & GB318 == ""0"" & GB319 == ""0"" & GB320 == ""0"" & GB039 == ""0"" & GB042 == ""0"" & GB184 == ""0"" & GB185 == ""0"" & GB186 == ""0"") | (GB042 == ""1"") | (GB043 == ""1"") | (GB044 == ""1"") | (GB165 == ""1"") | (GB166 == ""1"") | (GB316 == ""1"") | (GB317 == ""1"") | (GB318 == ""1"") | (GB319 == ""1"") | (GB320 == ""1"") | (GB039 == ""1"") | (GB041 == ""1"") | (GB184 == ""1"") | (GB185 == ""1"") | (GB186 == ""1"")) == F","","0;1;?","1-2/3/4/5/6/7/8/9/10/11/12/13/14/15/16-17"
"GB285&GB286","GB947mc","Can polar interrogation be marked via segmental verbal morphology at all, if polar interrogation can be marked via verbal morphology at all?",FALSE,TRUE,TRUE,"L-POL-2","L-POL-4;L-POL-6;S-POL-05","S-POL-05","polar interrogation","recode group 3 (merge variables - recode via logical arguments - simple conditioning)","if polar interrogation be marked via verbal morphology (segmental or tonal) at all","GB949m == 1","1 GB285 == ""0"" & GB286 == ""0"";2 GB285 == ""1"";3 GB286 == ""1"";4 ((GB285 == ""0"" & GB286 == ""0"") | (GB285 == ""1"") | (GB286 == ""1"")) == F","","0;1;?","1-2/3-4"
"GB285&GB286&GB291","GB949m","Can polar interrogation be marked via verbal morphology at all?",FALSE,TRUE,TRUE,"L-POL-1","S-POL-03;L-POL-2;L-POL-5;S-POL-10;S-POL-13;S-POL-07","S-POL-13;S-POL-07;S-POL-10;S-POL-03","polar interrogation;isolating/affixing","recode group 2 (merge variables - recode via logical arguments)","none","","1 GB285 == ""0"" & GB286 == ""0"" & GB291 == ""0"";2 GB285 == ""1"";3 GB286 == ""1"";4 GB291 == ""1"";5 ((GB285 == ""0"" & GB286 == ""0"" & GB291 == ""0"") | (GB285 == ""1"") | (GB286 == ""1"") | (GB291 == ""1"")) == F","","0;1;?","1-2/3/4-5"
"GB262&GB263&GB264&GB285","GB950m","Can polar interrogation be marked with a polar interrogative particle at all?",FALSE,TRUE,TRUE,"L-POL-3","S-POL-03;L-POL-6;L-POL-7;L-POL-8;L-POL-9;S-POL-WOO-1;S-POL-09;S-POL-11;S-POL-06","S-POL-11;S-POL-09;S-POL-06;S-POL-03","polar interrogation","recode group 2 (merge variables - recode via logical arguments)","none","","1 GB262 == ""0"" & GB263 == ""0"" & GB264 == ""0"" & GB285 == ""0"";2 GB262 == ""1"";3 GB263 == ""1"";4 GB264 == ""1"";5 GB285 == ""1"";6 ((GB262 == ""0"" & GB263 == ""0"" & GB264 == ""0"" & GB285 == ""0"") | (GB262 == ""1"") | (GB263 == ""1"") | (GB264 == ""1"") | (GB285 == ""1"")) == F","","0;1;?","1-2/3/4/5-6"
"GB316&GB042","GB951drmcC","Is there singular marking within NPs at all, if there is plural marking within NPs at all?",FALSE,FALSE,TRUE,"S-NUM-02","","","","recode group 4 (merge variables - recode via logical arguments - multiple conditioning)","if number marking of NPs present and if plural marking of NPs present","GB955drmc == 1 & GB945m == 1","1 GB316 == ""0"" & GB042 == ""0"";2 GB316 == ""1"";3 GB042 == ""1"";4 ((GB316 == ""0"" & GB042 == ""0"") | (GB316 == ""1"") | (GB042 == ""1"")) == F","","0;1;?","1-2/3-4"
"GB317&GB043","GB952drmcC","Is there dual marking within NPs at all, if there is plural marking within NPs at all?",FALSE,FALSE,TRUE,"S-NUM-03","S-NUM-04-C","S-NUM-04-C","","recode group 4 (merge variables - recode via logical arguments - multiple conditioning)","if number marking of NPs present and if plural marking of NPs present","GB955drmc == 1 & GB945m == 1","1 GB317 == ""0"" & GB043 == ""0"";2 GB317 == ""1"";3 GB043 == ""1"";4 ((GB317 == ""0"" & GB043 == ""0"") | (GB317 == ""1"") | (GB043 == ""1"")) == F","","0;1;?","1-2/3-4"
"GB319&GB165","GB953drmcC","Is there trial marking within NPs at all, if there is dual marking within NPs at all?",FALSE,FALSE,TRUE,"S-NUM-05","S-NUM-11-C","","","recode group 4 (merge variables - recode via logical arguments - multiple conditioning)","if plural marking of NPs present and if dual marking of NPs present","GB945m == 1 & GB952drmc == 1","1 GB319 == ""0"" & GB165 == ""0"";2 GB319 == ""1"";3 GB165 == ""1"";4 ((GB319 == ""0"" & GB165 == ""0"") | (GB319 == ""1"") | (GB165 == ""1"")) == F","","0;1;?","1-2/3-4"
"GB320&GB166","GB954drmcC","Is there paucal marking within NPs at all, if there is number marking within NPs at all and if there is no trial marking (conditioned on dual marking)?",FALSE,FALSE,TRUE,"S-NUM-11-C","S-NUM-06-C","","","recode group 10 (merge variables - recode via logical arguments - multiple conditioning [conditioned variable])","if number marking of NPs present and if trial marking is not present","GB945m == 1 & GB953drmcC != 1","1 GB320 == ""0"" & GB166 == ""0"";2 GB320 == ""1"";3 GB166 == ""1"";4 ((GB320 == ""0"" & GB166 == ""0"") | (GB320 == ""1"") | (GB166 == ""1"")) == F","","0;1;?","1-2/3-4"
"GB318&GB044","GB955drmc","Is there plural marking within NPs at all, if there is number marking within NPs at all?",FALSE,TRUE,TRUE,"D-NUM-06","S-NUM-02;S-NUM-03;S-NUM-06-O;S-NUM-06-C;S-NUM-08;S-NUM-09","","","recode group 3 (merge variables - recode via logical arguments - simple conditioning)","if number marking of NPs present","GB945m == 1","1 GB318 == ""0"" & GB044 == ""0"";2 GB318 == ""1"";3 GB044 == ""1"";4 ((GB318 == ""0"" & GB044 == ""0"") | (GB318 == ""1"") | (GB044 == ""1"")) == F","","0;1;?","1-2/3-4"
"GB316&GB317&GB318&GB319&GB320","GB990drmcC","Is there phonologically free number marking within NPs at all, if there is plural marking within NPs at all?",FALSE,FALSE,TRUE,"S-NUM-08","S-NUM-07-C","S-NUM-07-C","isolating/affixing","recode group 4 (merge variables - recode via logical arguments - multiple conditioning)","if number marking of NPs present and if plural marking of NPs present","GB955drmc == 1 & GB945m == 1","1 GB316 == ""0"" & GB317 == ""0"" & GB318 == ""0"" & GB319 == ""0"" & GB320 == ""0"";2 GB316 == ""1"";3 GB317 == ""1"";4 GB318 == ""1"";5 GB319 == ""1"";6 GB320 == ""1"";7 ((GB316 == ""0"" & GB317 == ""0"" & GB318 == ""0"" & GB319 == ""0"" & GB320 == ""0"") | (GB316 == ""1"") | (GB317 == ""1"") | (GB318 == ""1"") | (GB319 == ""1"") | (GB320 == ""1"")) == F","","0;1;?","1-2/3/4/5/6-7"
"GB042&GB043&GB044&GB165&GB166","GB991drmcC","Is there morphological number marking of nouns at all, if there is plural marking within NPs at all?",FALSE,FALSE,TRUE,"S-NUM-09","S-NUM-07-C","S-NUM-07-C","isolating/affixing","recode group 4 (merge variables - recode via logical arguments - multiple conditioning)","if number marking of NPs present and if plural marking of NPs present","GB955drmc == 1 & GB945m == 1","1 GB042 == ""0"" & GB043 == ""0"" & GB044 == ""0"" & GB165 == ""0"" & GB166 == ""0"";2 GB042 == ""1"";3 GB043 == ""1"";4 GB044 == ""1"";5 GB165 == ""1"";6 GB166 == ""1"";7 ((GB042 == ""0"" & GB043 == ""0"" & GB044 == ""0"" & GB165 == ""0"" & GB166 == ""0"") | (GB042 == ""1"") | (GB043 == ""1"") | (GB044 == ""1"") | (GB165 == ""1"") | (GB166 == ""1"")) == F","","0;1;?","1-2/3/4/5/6-7"
"GB025&GB193","GB995F","What is the interaction in word order between noun and demonstrative and noun and adjective?",FALSE,FALSE,TRUE,"S-WOO-04","S-WOO-08-C;S-WOO-05-C;S-WOO-03-C;S-WOO-01-C","S-WOO-03-C","word order","recode group 2 (merge variables - recode via logical arguments)","none","","1 GB025 == ""1"" & GB193 == ""1"";2 GB025 == ""1"" & GB193 == ""2"";3 GB025 == ""2"" & GB193 == ""1"";4 GB025 == ""2"" & GB193 == ""2"";5 GB025 == ""3"";6 GB025 == ""?"";7 GB193 == ""3"";8 GB193 == ""?""","","adj-noun and dem-noun;adj-noun and noun-dem;noun-adj and dem-noun;noun-adj and noun-dem;?","1-2-3-4-5/6/7/8"
